URL,Full Address,Type,Images,Beds,Baths,Sq Ft,Price,Latitude,Longitude,City,Street,State,Zip Code,Year Built,Style,Lot,Agent Name,Agent Phone,Agent Email,Broker Name,MLS,Tax,Availability Date
https://www.zillow.com/b/280-e-lorene-st-rexburg-id-BwDFS3/,280 E Lorene St Rexburg ID 83440,townhome,"['https://photos.zillowstatic.com/fp/ffdc55a2cf4875221b3e658ebad8f002-cc_ft_384.jpg', 'https://photos.zillowstatic.com/fp/ffdc55a2cf4875221b3e658ebad8f002-cc_ft_576.jpg', 'https://photos.zillowstatic.com/fp/ffdc55a2cf4875221b3e658ebad8f002-cc_ft_768.jpg', 'https://photos.zillowstatic.com/fp/ffdc55a2cf4875221b3e658ebad8f002-cc_ft_960.jpg', 'https://photos.zillowstatic.com/fp/ffdc55a2cf4875221b3e658ebad8f002-cc_ft_1152.jpg', 'https://photos.zillowstatic.com/fp/ffdc55a2cf4875221b3e658ebad8f002-cc_ft_1344.jpg', 'https://photos.zillowstatic.com/fp/ffdc55a2cf4875221b3e658ebad8f002-cc_ft_1536.jpg']",2,1,,1050,43.838203188097,-111.77402244786,Rexburg,280 E Lorene St,ID,83440,,,,,,,,,,
https://www.zillow.com/b/952-anne-st-rexburg-id-5Xr5yR/,952 Anne St Rexburg ID 83440,apartment,"['https://photos.zillowstatic.com/fp/c2799aab44a3392fd5ead3d22c828491-cc_ft_384.jpg', 'https://photos.zillowstatic.com/fp/c2799aab44a3392fd5ead3d22c828491-cc_ft_576.jpg', 'https://photos.zillowstatic.com/fp/c2799aab44a3392fd5ead3d22c828491-cc_ft_768.jpg', 'https://photos.zillowstatic.com/fp/c2799aab44a3392fd5ead3d22c828491-cc_ft_960.jpg', 'https://photos.zillowstatic.com/fp/c2799aab44a3392fd5ead3d22c828491-cc_ft_1152.jpg', 'https://photos.zillowstatic.com/fp/c2799aab44a3392fd5ead3d22c828491-cc_ft_1344.jpg', 'https://photos.zillowstatic.com/fp/c2799aab44a3392fd5ead3d22c828491-cc_ft_1536.jpg']",2,1,,850,43.818059,-111.810129,Rexburg,952 Anne St,ID,83440,,,,,,,,,,
https://www.zillow.com/apartments/rexburg-id/cougar-court-apartments/5Zk4h4/,697 Trejo St Rexburg ID 83440,apartment,"['https://photos.zillowstatic.com/fp/29887517f0ee21f09078316359c147f0-cc_ft_384.jpg', 'https://photos.zillowstatic.com/fp/29887517f0ee21f09078316359c147f0-cc_ft_576.jpg', 'https://photos.zillowstatic.com/fp/29887517f0ee21f09078316359c147f0-cc_ft_768.jpg', 'https://photos.zillowstatic.com/fp/29887517f0ee21f09078316359c147f0-cc_ft_960.jpg', 'https://photos.zillowstatic.com/fp/29887517f0ee21f09078316359c147f0-cc_ft_1152.jpg', 'https://photos.zillowstatic.com/fp/29887517f0ee21f09078316359c147f0-cc_ft_1344.jpg', 'https://photos.zillowstatic.com/fp/29887517f0ee21f09078316359c147f0-cc_ft_1536.jpg']",,,,,43.815827,-111.80408,Rexburg,697 Trejo St,ID,83440,,,,,,,,,,
https://www.zillow.com/apartments/rexburg-id/stone-brook-apartments/5gtLfy/,600 Pioneer Rd Rexburg ID 83440,apartment,"['https://photos.zillowstatic.com/fp/c60f193c4023c89ad38bfb4ef5810cfd-cc_ft_384.jpg', 'https://photos.zillowstatic.com/fp/c60f193c4023c89ad38bfb4ef5810cfd-cc_ft_576.jpg', 'https://photos.zillowstatic.com/fp/c60f193c4023c89ad38bfb4ef5810cfd-cc_ft_768.jpg', 'https://photos.zillowstatic.com/fp/c60f193c4023c89ad38bfb4ef5810cfd-cc_ft_960.jpg', 'https://photos.zillowstatic.com/fp/c60f193c4023c89ad38bfb4ef5810cfd-cc_ft_1152.jpg', 'https://photos.zillowstatic.com/fp/c60f193c4023c89ad38bfb4ef5810cfd-cc_ft_1344.jpg', 'https://photos.zillowstatic.com/fp/c60f193c4023c89ad38bfb4ef5810cfd-cc_ft_1536.jpg']",,,,,43.813102,-111.806041,Rexburg,600 Pioneer Rd,ID,83440,,,,,,,,,,
https://www.zillow.com/homedetails/535-Mariah-Ave-0D8BF9838-Rexburg-ID-83440/348894997_zpid/,535 Mariah Ave #0D8BF9838 Rexburg ID 83440,APARTMENT,"['https://photos.zillowstatic.com/fp/d4a4ffafd5346b576d7bfa1927b75b83-cc_ft_192.jpg', 'https://photos.zillowstatic.com/fp/d4a4ffafd5346b576d7bfa1927b75b83-cc_ft_384.jpg', 'https://photos.zillowstatic.com/fp/d4a4ffafd5346b576d7bfa1927b75b83-cc_ft_576.jpg', 'https://photos.zillowstatic.com/fp/d4a4ffafd5346b576d7bfa1927b75b83-cc_ft_768.jpg', 'https://photos.zillowstatic.com/fp/d4a4ffafd5346b576d7bfa1927b75b83-cc_ft_960.jpg', 'https://photos.zillowstatic.com/fp/d4a4ffafd5346b576d7bfa1927b75b83-cc_ft_1152.jpg', 'https://photos.zillowstatic.com/fp/d4a4ffafd5346b576d7bfa1927b75b83-cc_ft_1344.jpg', 'https://photos.zillowstatic.com/fp/d4a4ffafd5346b576d7bfa1927b75b83-cc_ft_1536.jpg']",2,1,852,1000,43.814938,-111.8047,Rexburg,535 Mariah Ave #0D8BF9838,ID,83440,,Apartment,,Axiom Properties,3603299765,,,,,
https://www.zillow.com/apartments/rexburg-id/centennial-patio-home-apartments/Bj2cBJ/,290 Hope St Rexburg ID 83440,apartment,"['https://photos.zillowstatic.com/fp/12b8b1d76d0da522b8e6e89396df854b-cc_ft_384.jpg', 'https://photos.zillowstatic.com/fp/12b8b1d76d0da522b8e6e89396df854b-cc_ft_576.jpg', 'https://photos.zillowstatic.com/fp/12b8b1d76d0da522b8e6e89396df854b-cc_ft_768.jpg', 'https://photos.zillowstatic.com/fp/12b8b1d76d0da522b8e6e89396df854b-cc_ft_960.jpg', 'https://photos.zillowstatic.com/fp/12b8b1d76d0da522b8e6e89396df854b-cc_ft_1152.jpg', 'https://photos.zillowstatic.com/fp/12b8b1d76d0da522b8e6e89396df854b-cc_ft_1344.jpg', 'https://photos.zillowstatic.com/fp/12b8b1d76d0da522b8e6e89396df854b-cc_ft_1536.jpg']",,,,,43.840477,-111.771329,Rexburg,290 Hope St,ID,83440,,,,,,,,,,
https://www.zillow.com/b/mcdougal-237-rexburg-id-5j6ZbW/,237 E 2 N Rexburg ID 83440,apartment,"['https://photos.zillowstatic.com/fp/eb71e64f406d93b648bd3afe45662dd0-cc_ft_384.jpg', 'https://photos.zillowstatic.com/fp/eb71e64f406d93b648bd3afe45662dd0-cc_ft_576.jpg', 'https://photos.zillowstatic.com/fp/eb71e64f406d93b648bd3afe45662dd0-cc_ft_768.jpg', 'https://photos.zillowstatic.com/fp/eb71e64f406d93b648bd3afe45662dd0-cc_ft_960.jpg', 'https://photos.zillowstatic.com/fp/eb71e64f406d93b648bd3afe45662dd0-cc_ft_1152.jpg', 'https://photos.zillowstatic.com/fp/eb71e64f406d93b648bd3afe45662dd0-cc_ft_1344.jpg', 'https://photos.zillowstatic.com/fp/eb71e64f406d93b648bd3afe45662dd0-cc_ft_1536.jpg']",1,1,,725,43.830621,-111.776737,Rexburg,237 E 2 N,ID,83440,,,,,,,,,,
https://www.zillow.com/b/264-n-3-e-rexburg-id-5XqzRy/,264 N 3 E Rexburg ID 83440,townhome,"['https://photos.zillowstatic.com/fp/08ec5b443c520fe7e4cd9eaa81b6481f-cc_ft_384.jpg', 'https://photos.zillowstatic.com/fp/08ec5b443c520fe7e4cd9eaa81b6481f-cc_ft_576.jpg', 'https://photos.zillowstatic.com/fp/08ec5b443c520fe7e4cd9eaa81b6481f-cc_ft_768.jpg', 'https://photos.zillowstatic.com/fp/08ec5b443c520fe7e4cd9eaa81b6481f-cc_ft_960.jpg', 'https://photos.zillowstatic.com/fp/08ec5b443c520fe7e4cd9eaa81b6481f-cc_ft_1152.jpg', 'https://photos.zillowstatic.com/fp/08ec5b443c520fe7e4cd9eaa81b6481f-cc_ft_1344.jpg', 'https://photos.zillowstatic.com/fp/08ec5b443c520fe7e4cd9eaa81b6481f-cc_ft_1536.jpg']",2,1,,950,43.831763,-111.773893,Rexburg,264 N 3 E,ID,83440,,,,,,,,,,
"https://www.zillow.com/b/2-bed,-1.0-bath,-%24925-rexburg-id-5XrQsg/",944 Anne St Rexburg ID 83440,apartment,"['https://photos.zillowstatic.com/fp/493cf59f1e869f98f05b75cea92e5343-cc_ft_384.jpg', 'https://photos.zillowstatic.com/fp/493cf59f1e869f98f05b75cea92e5343-cc_ft_576.jpg', 'https://photos.zillowstatic.com/fp/493cf59f1e869f98f05b75cea92e5343-cc_ft_768.jpg', 'https://photos.zillowstatic.com/fp/493cf59f1e869f98f05b75cea92e5343-cc_ft_960.jpg', 'https://photos.zillowstatic.com/fp/493cf59f1e869f98f05b75cea92e5343-cc_ft_1152.jpg', 'https://photos.zillowstatic.com/fp/493cf59f1e869f98f05b75cea92e5343-cc_ft_1344.jpg', 'https://photos.zillowstatic.com/fp/493cf59f1e869f98f05b75cea92e5343-cc_ft_1536.jpg']",2,1,,925,43.818059,-111.81036,Rexburg,944 Anne St,ID,83440,,,,,,,,,,
https://www.zillow.com/homedetails/547-Countryside-Ave-1-Rexburg-ID-83440/348517199_zpid/,547 Countryside Ave #1 Rexburg ID 83440,TOWNHOUSE,"['https://photos.zillowstatic.com/fp/4b5dd02e8dd6727afaa3b32eff27f2b8-cc_ft_192.jpg', 'https://photos.zillowstatic.com/fp/4b5dd02e8dd6727afaa3b32eff27f2b8-cc_ft_384.jpg', 'https://photos.zillowstatic.com/fp/4b5dd02e8dd6727afaa3b32eff27f2b8-cc_ft_576.jpg', 'https://photos.zillowstatic.com/fp/4b5dd02e8dd6727afaa3b32eff27f2b8-cc_ft_768.jpg', 'https://photos.zillowstatic.com/fp/4b5dd02e8dd6727afaa3b32eff27f2b8-cc_ft_960.jpg', 'https://photos.zillowstatic.com/fp/4b5dd02e8dd6727afaa3b32eff27f2b8-cc_ft_1152.jpg', 'https://photos.zillowstatic.com/fp/4b5dd02e8dd6727afaa3b32eff27f2b8-cc_ft_1344.jpg', 'https://photos.zillowstatic.com/fp/4b5dd02e8dd6727afaa3b32eff27f2b8-cc_ft_1536.jpg']",3,1.5,1458,1590,43.8146,-111.81253,Rexburg,547 Countryside Ave #1,ID,83440,,Townhouse,,Gwendolyn,2087595144,,,,,Available Now
https://www.zillow.com/b/c295om-rexburg-id-BL4P4Y/,295 Ella Ln Rexburg ID 83440,apartment,"['https://photos.zillowstatic.com/fp/fdc66ddc119d7de7b42335fb13b39df9-cc_ft_384.jpg', 'https://photos.zillowstatic.com/fp/fdc66ddc119d7de7b42335fb13b39df9-cc_ft_576.jpg', 'https://photos.zillowstatic.com/fp/fdc66ddc119d7de7b42335fb13b39df9-cc_ft_768.jpg', 'https://photos.zillowstatic.com/fp/fdc66ddc119d7de7b42335fb13b39df9-cc_ft_960.jpg', 'https://photos.zillowstatic.com/fp/fdc66ddc119d7de7b42335fb13b39df9-cc_ft_1152.jpg', 'https://photos.zillowstatic.com/fp/fdc66ddc119d7de7b42335fb13b39df9-cc_ft_1344.jpg', 'https://photos.zillowstatic.com/fp/fdc66ddc119d7de7b42335fb13b39df9-cc_ft_1536.jpg']",2,1,,995,43.843223,-111.775713,Rexburg,295 Ella Ln,ID,83440,,,,,,,,,,
https://www.zillow.com/b/l.-harper-890-rexburg-id-9hKwx9/,890 Everett Pl Rexburg ID 83440,apartment,"['https://photos.zillowstatic.com/fp/6779f76009fe05f47a5a0e89a84ec837-cc_ft_384.jpg', 'https://photos.zillowstatic.com/fp/6779f76009fe05f47a5a0e89a84ec837-cc_ft_576.jpg', 'https://photos.zillowstatic.com/fp/6779f76009fe05f47a5a0e89a84ec837-cc_ft_768.jpg', 'https://photos.zillowstatic.com/fp/6779f76009fe05f47a5a0e89a84ec837-cc_ft_960.jpg', 'https://photos.zillowstatic.com/fp/6779f76009fe05f47a5a0e89a84ec837-cc_ft_1152.jpg', 'https://photos.zillowstatic.com/fp/6779f76009fe05f47a5a0e89a84ec837-cc_ft_1344.jpg', 'https://photos.zillowstatic.com/fp/6779f76009fe05f47a5a0e89a84ec837-cc_ft_1536.jpg']",2,1,,950,43.814651,-111.809827,Rexburg,890 Everett Pl,ID,83440,,,,,,,,,,
https://www.zillow.com/homedetails/565-Pioneer-Rd-Rexburg-ID-83440/234170355_zpid/,565 Pioneer Rd Rexburg ID 83440,APARTMENT,"['https://photos.zillowstatic.com/fp/3fab834e4b6b401c5837d088905b90e4-cc_ft_192.jpg', 'https://photos.zillowstatic.com/fp/3fab834e4b6b401c5837d088905b90e4-cc_ft_384.jpg', 'https://photos.zillowstatic.com/fp/3fab834e4b6b401c5837d088905b90e4-cc_ft_576.jpg', 'https://photos.zillowstatic.com/fp/3fab834e4b6b401c5837d088905b90e4-cc_ft_768.jpg', 'https://photos.zillowstatic.com/fp/3fab834e4b6b401c5837d088905b90e4-cc_ft_960.jpg', 'https://photos.zillowstatic.com/fp/3fab834e4b6b401c5837d088905b90e4-cc_ft_1152.jpg', 'https://photos.zillowstatic.com/fp/3fab834e4b6b401c5837d088905b90e4-cc_ft_1344.jpg', 'https://photos.zillowstatic.com/fp/3fab834e4b6b401c5837d088905b90e4-cc_ft_1536.jpg']",3,2.5,,1495,43.814835,-111.80662,Rexburg,565 Pioneer Rd,ID,83440,,Apartment,,,2088865356,,4 Corners Property Management LLC,,,Fri Jun 14 2024
https://www.zillow.com/homedetails/310-Ella-Ln-8-Rexburg-ID-83440/2061228254_zpid/,310 Ella Ln #8 Rexburg ID 83440,APARTMENT,"['https://photos.zillowstatic.com/fp/9e724323ea2f3d34a50e239bfb14ae9f-cc_ft_192.jpg', 'https://photos.zillowstatic.com/fp/9e724323ea2f3d34a50e239bfb14ae9f-cc_ft_384.jpg', 'https://photos.zillowstatic.com/fp/9e724323ea2f3d34a50e239bfb14ae9f-cc_ft_576.jpg', 'https://photos.zillowstatic.com/fp/9e724323ea2f3d34a50e239bfb14ae9f-cc_ft_768.jpg', 'https://photos.zillowstatic.com/fp/9e724323ea2f3d34a50e239bfb14ae9f-cc_ft_960.jpg', 'https://photos.zillowstatic.com/fp/9e724323ea2f3d34a50e239bfb14ae9f-cc_ft_1152.jpg', 'https://photos.zillowstatic.com/fp/9e724323ea2f3d34a50e239bfb14ae9f-cc_ft_1344.jpg', 'https://photos.zillowstatic.com/fp/9e724323ea2f3d34a50e239bfb14ae9f-cc_ft_1536.jpg']",2,1,850,995,43.842678,-111.77572,Rexburg,310 Ella Ln #8,ID,83440,,Apartment,,,2089253231,,Legacy Rental Management LLC,,,Fri Jul 26 2024
https://www.zillow.com/homedetails/2555-S-2000-W-1-Rexburg-ID-83440/2056138963_zpid/,2555 S 2000 W #1 Rexburg ID 83440,APARTMENT,"['https://photos.zillowstatic.com/fp/21b0c9be94195741f0a8b7d858bf8fbc-cc_ft_192.jpg', 'https://photos.zillowstatic.com/fp/21b0c9be94195741f0a8b7d858bf8fbc-cc_ft_384.jpg', 'https://photos.zillowstatic.com/fp/21b0c9be94195741f0a8b7d858bf8fbc-cc_ft_576.jpg', 'https://photos.zillowstatic.com/fp/21b0c9be94195741f0a8b7d858bf8fbc-cc_ft_768.jpg', 'https://photos.zillowstatic.com/fp/21b0c9be94195741f0a8b7d858bf8fbc-cc_ft_960.jpg', 'https://photos.zillowstatic.com/fp/21b0c9be94195741f0a8b7d858bf8fbc-cc_ft_1152.jpg', 'https://photos.zillowstatic.com/fp/21b0c9be94195741f0a8b7d858bf8fbc-cc_ft_1344.jpg', 'https://photos.zillowstatic.com/fp/21b0c9be94195741f0a8b7d858bf8fbc-cc_ft_1536.jpg']",0,0,5500,950,43.791325,-111.81848,Rexburg,2555 S 2000 W #1,ID,83440,,Apartment,,Bus Dudes Property Management,2087151450,,Bus Dudes Property Management,,,
https://www.zillow.com/apartments/rexburg-id/grove-at-riverside/65Zj2F/,311 N 1 E Rexburg ID 83440,apartment,"['https://photos.zillowstatic.com/fp/e9a6c311c035417be63fbfd65dee6c02-cc_ft_384.jpg', 'https://photos.zillowstatic.com/fp/e9a6c311c035417be63fbfd65dee6c02-cc_ft_576.jpg', 'https://photos.zillowstatic.com/fp/e9a6c311c035417be63fbfd65dee6c02-cc_ft_768.jpg', 'https://photos.zillowstatic.com/fp/e9a6c311c035417be63fbfd65dee6c02-cc_ft_960.jpg', 'https://photos.zillowstatic.com/fp/e9a6c311c035417be63fbfd65dee6c02-cc_ft_1152.jpg', 'https://photos.zillowstatic.com/fp/e9a6c311c035417be63fbfd65dee6c02-cc_ft_1344.jpg', 'https://photos.zillowstatic.com/fp/e9a6c311c035417be63fbfd65dee6c02-cc_ft_1536.jpg']",,,,,43.832767,-111.781751,Rexburg,311 N 1 E,ID,83440,,,,,,,,,,
https://www.zillow.com/homedetails/591-Turin-Way-1202-Rexburg-ID-83440/2054158091_zpid/,591 Turin Way #1202 Rexburg ID 83440,SINGLE_FAMILY,"['https://photos.zillowstatic.com/fp/02c36c370c57e61012c2e957480fe2d2-cc_ft_192.jpg', 'https://photos.zillowstatic.com/fp/02c36c370c57e61012c2e957480fe2d2-cc_ft_384.jpg', 'https://photos.zillowstatic.com/fp/02c36c370c57e61012c2e957480fe2d2-cc_ft_576.jpg', 'https://photos.zillowstatic.com/fp/02c36c370c57e61012c2e957480fe2d2-cc_ft_768.jpg', 'https://photos.zillowstatic.com/fp/02c36c370c57e61012c2e957480fe2d2-cc_ft_960.jpg', 'https://photos.zillowstatic.com/fp/02c36c370c57e61012c2e957480fe2d2-cc_ft_1152.jpg', 'https://photos.zillowstatic.com/fp/02c36c370c57e61012c2e957480fe2d2-cc_ft_1344.jpg', 'https://photos.zillowstatic.com/fp/02c36c370c57e61012c2e957480fe2d2-cc_ft_1536.jpg']",2,1,,995,43.812504,-111.80293,Rexburg,591 Turin Way #1202,ID,83440,,Single Family,,Property Manager,5625722943,,Red Barn Management LLC,,,
https://www.zillow.com/apartments/rexburg-id/the-grove-at-thomson-farms/BfhwSZ/,397 Thomson Farms Rd Rexburg ID 83440,apartment,"['https://photos.zillowstatic.com/fp/c59653e839fcf7690b770231f0fbe45a-cc_ft_384.jpg', 'https://photos.zillowstatic.com/fp/c59653e839fcf7690b770231f0fbe45a-cc_ft_576.jpg', 'https://photos.zillowstatic.com/fp/c59653e839fcf7690b770231f0fbe45a-cc_ft_768.jpg', 'https://photos.zillowstatic.com/fp/c59653e839fcf7690b770231f0fbe45a-cc_ft_960.jpg', 'https://photos.zillowstatic.com/fp/c59653e839fcf7690b770231f0fbe45a-cc_ft_1152.jpg', 'https://photos.zillowstatic.com/fp/c59653e839fcf7690b770231f0fbe45a-cc_ft_1344.jpg', 'https://photos.zillowstatic.com/fp/c59653e839fcf7690b770231f0fbe45a-cc_ft_1536.jpg']",,,,,43.845955,-111.772438,Rexburg,397 Thomson Farms Rd,ID,83440,,,,,,,,,,
https://www.zillow.com/homedetails/2683-S-2000-W-Rexburg-ID-83440/2053652725_zpid/,2683 S 2000 W Rexburg ID 83440,APARTMENT,"['https://photos.zillowstatic.com/fp/e957594edb03c51e498d7be3a0fc22c2-cc_ft_192.jpg', 'https://photos.zillowstatic.com/fp/e957594edb03c51e498d7be3a0fc22c2-cc_ft_384.jpg', 'https://photos.zillowstatic.com/fp/e957594edb03c51e498d7be3a0fc22c2-cc_ft_576.jpg', 'https://photos.zillowstatic.com/fp/e957594edb03c51e498d7be3a0fc22c2-cc_ft_768.jpg', 'https://photos.zillowstatic.com/fp/e957594edb03c51e498d7be3a0fc22c2-cc_ft_960.jpg', 'https://photos.zillowstatic.com/fp/e957594edb03c51e498d7be3a0fc22c2-cc_ft_1152.jpg', 'https://photos.zillowstatic.com/fp/e957594edb03c51e498d7be3a0fc22c2-cc_ft_1344.jpg', 'https://photos.zillowstatic.com/fp/e957594edb03c51e498d7be3a0fc22c2-cc_ft_1536.jpg']",0,0,1500,1525,43.790966,-111.818016,Rexburg,2683 S 2000 W,ID,83440,,Apartment,,Bus Dudes Property Management,2087151450,,Bus Dudes Property Management,,,
https://www.zillow.com/homedetails/457-S-4-W-Rexburg-ID-83440/343175361_zpid/,457 S 4 W Rexburg ID 83440,APARTMENT,"['https://photos.zillowstatic.com/fp/1cee692ed3b2bfb53083749e02ed5016-cc_ft_192.jpg', 'https://photos.zillowstatic.com/fp/1cee692ed3b2bfb53083749e02ed5016-cc_ft_384.jpg', 'https://photos.zillowstatic.com/fp/1cee692ed3b2bfb53083749e02ed5016-cc_ft_576.jpg', 'https://photos.zillowstatic.com/fp/1cee692ed3b2bfb53083749e02ed5016-cc_ft_768.jpg', 'https://photos.zillowstatic.com/fp/1cee692ed3b2bfb53083749e02ed5016-cc_ft_960.jpg', 'https://photos.zillowstatic.com/fp/1cee692ed3b2bfb53083749e02ed5016-cc_ft_1152.jpg', 'https://photos.zillowstatic.com/fp/1cee692ed3b2bfb53083749e02ed5016-cc_ft_1344.jpg', 'https://photos.zillowstatic.com/fp/1cee692ed3b2bfb53083749e02ed5016-cc_ft_1536.jpg']",0,0,,1150,43.81641,-111.79441,Rexburg,457 S 4 W,ID,83440,,Apartment,,m abi mng,,,abi managment,,,
https://www.zillow.com/homedetails/457-S-4-W-2-Rexburg-ID-83440/2060916807_zpid/,457 S 4 W #2 Rexburg ID 83440,APARTMENT,"['https://photos.zillowstatic.com/fp/1cee692ed3b2bfb53083749e02ed5016-cc_ft_192.jpg', 'https://photos.zillowstatic.com/fp/1cee692ed3b2bfb53083749e02ed5016-cc_ft_384.jpg', 'https://photos.zillowstatic.com/fp/1cee692ed3b2bfb53083749e02ed5016-cc_ft_576.jpg', 'https://photos.zillowstatic.com/fp/1cee692ed3b2bfb53083749e02ed5016-cc_ft_768.jpg', 'https://photos.zillowstatic.com/fp/1cee692ed3b2bfb53083749e02ed5016-cc_ft_960.jpg', 'https://photos.zillowstatic.com/fp/1cee692ed3b2bfb53083749e02ed5016-cc_ft_1152.jpg', 'https://photos.zillowstatic.com/fp/1cee692ed3b2bfb53083749e02ed5016-cc_ft_1344.jpg', 'https://photos.zillowstatic.com/fp/1cee692ed3b2bfb53083749e02ed5016-cc_ft_1536.jpg']",0,0,,1350,43.816414,-111.79442,Rexburg,457 S 4 W #2,ID,83440,,Apartment,,m abi mng,,,abi managment,,,
https://www.zillow.com/homedetails/204-Holly-St-Rexburg-ID-83440/234172364_zpid/,204 Holly St Rexburg ID 83440,SINGLE_FAMILY,"['https://photos.zillowstatic.com/fp/863ced3b5f6d55ba1dba68ec88419498-cc_ft_192.jpg', 'https://photos.zillowstatic.com/fp/863ced3b5f6d55ba1dba68ec88419498-cc_ft_384.jpg', 'https://photos.zillowstatic.com/fp/863ced3b5f6d55ba1dba68ec88419498-cc_ft_576.jpg', 'https://photos.zillowstatic.com/fp/863ced3b5f6d55ba1dba68ec88419498-cc_ft_768.jpg', 'https://photos.zillowstatic.com/fp/863ced3b5f6d55ba1dba68ec88419498-cc_ft_960.jpg', 'https://photos.zillowstatic.com/fp/863ced3b5f6d55ba1dba68ec88419498-cc_ft_1152.jpg', 'https://photos.zillowstatic.com/fp/863ced3b5f6d55ba1dba68ec88419498-cc_ft_1344.jpg', 'https://photos.zillowstatic.com/fp/863ced3b5f6d55ba1dba68ec88419498-cc_ft_1536.jpg']",3,2,900,1350,43.82804,-111.76582,Rexburg,204 Holly St,ID,83440,,Single Family,,Madison Alpine,2083707995,,,,,Available Now
https://www.zillow.com/homedetails/2685-S-2000-W-Rexburg-ID-83440/2057112244_zpid/,2685 S 2000 W Rexburg ID 83440,APARTMENT,"['https://photos.zillowstatic.com/fp/3a39fddfe694379f8756157aba9a98c3-cc_ft_192.jpg', 'https://photos.zillowstatic.com/fp/3a39fddfe694379f8756157aba9a98c3-cc_ft_384.jpg', 'https://photos.zillowstatic.com/fp/3a39fddfe694379f8756157aba9a98c3-cc_ft_576.jpg', 'https://photos.zillowstatic.com/fp/3a39fddfe694379f8756157aba9a98c3-cc_ft_768.jpg', 'https://photos.zillowstatic.com/fp/3a39fddfe694379f8756157aba9a98c3-cc_ft_960.jpg', 'https://photos.zillowstatic.com/fp/3a39fddfe694379f8756157aba9a98c3-cc_ft_1152.jpg', 'https://photos.zillowstatic.com/fp/3a39fddfe694379f8756157aba9a98c3-cc_ft_1344.jpg', 'https://photos.zillowstatic.com/fp/3a39fddfe694379f8756157aba9a98c3-cc_ft_1536.jpg']",0,0,1500,1525,43.790947,-111.818016,Rexburg,2685 S 2000 W,ID,83440,,Apartment,,Bus Dudes Property Management,2087151450,,Bus Dudes Property Management,,,
https://www.zillow.com/homedetails/318-Pioneer-Rd-202-Rexburg-ID-83440/349076053_zpid/,318 Pioneer Rd #202 Rexburg ID 83440,APARTMENT,"['https://photos.zillowstatic.com/fp/5001b0e6f701cf633ffe5303932d9072-cc_ft_192.jpg', 'https://photos.zillowstatic.com/fp/5001b0e6f701cf633ffe5303932d9072-cc_ft_384.jpg', 'https://photos.zillowstatic.com/fp/5001b0e6f701cf633ffe5303932d9072-cc_ft_576.jpg', 'https://photos.zillowstatic.com/fp/5001b0e6f701cf633ffe5303932d9072-cc_ft_768.jpg', 'https://photos.zillowstatic.com/fp/5001b0e6f701cf633ffe5303932d9072-cc_ft_960.jpg', 'https://photos.zillowstatic.com/fp/5001b0e6f701cf633ffe5303932d9072-cc_ft_1152.jpg', 'https://photos.zillowstatic.com/fp/5001b0e6f701cf633ffe5303932d9072-cc_ft_1344.jpg', 'https://photos.zillowstatic.com/fp/5001b0e6f701cf633ffe5303932d9072-cc_ft_1536.jpg']",2,1,880,920,43.819336,-111.80999,Rexburg,318 Pioneer Rd #202,ID,83440,,Apartment,,Reliable Property Management,2085350799,,,,,Available Now
https://www.zillow.com/homedetails/135-S-2-E-Rexburg-ID-83440/115539615_zpid/,135 S 2 E Rexburg ID 83440,APARTMENT,"['https://photos.zillowstatic.com/fp/9485b7eedd6196c13e24dbfc1bd16003-cc_ft_192.jpg', 'https://photos.zillowstatic.com/fp/9485b7eedd6196c13e24dbfc1bd16003-cc_ft_384.jpg', 'https://photos.zillowstatic.com/fp/9485b7eedd6196c13e24dbfc1bd16003-cc_ft_576.jpg', 'https://photos.zillowstatic.com/fp/9485b7eedd6196c13e24dbfc1bd16003-cc_ft_768.jpg', 'https://photos.zillowstatic.com/fp/9485b7eedd6196c13e24dbfc1bd16003-cc_ft_960.jpg', 'https://photos.zillowstatic.com/fp/9485b7eedd6196c13e24dbfc1bd16003-cc_ft_1152.jpg', 'https://photos.zillowstatic.com/fp/9485b7eedd6196c13e24dbfc1bd16003-cc_ft_1344.jpg', 'https://photos.zillowstatic.com/fp/9485b7eedd6196c13e24dbfc1bd16003-cc_ft_1536.jpg']",4,2,3100,2000,43.822857,-111.77728,Rexburg,135 S 2 E,ID,83440,,Apartment,,"Sakkara Properties, LLC",2088310365,,"Sakkara Properties, LLC",,,Sat May 18 2024
https://www.zillow.com/homedetails/364-W-1st-N-APT-3-Rexburg-ID-83440/2087803347_zpid/,364 W 1st N APT 3 Rexburg ID 83440,APARTMENT,"['https://photos.zillowstatic.com/fp/3936ad8e5b79cbaa30896091011fc3fe-cc_ft_192.jpg', 'https://photos.zillowstatic.com/fp/3936ad8e5b79cbaa30896091011fc3fe-cc_ft_384.jpg', 'https://photos.zillowstatic.com/fp/3936ad8e5b79cbaa30896091011fc3fe-cc_ft_576.jpg', 'https://photos.zillowstatic.com/fp/3936ad8e5b79cbaa30896091011fc3fe-cc_ft_768.jpg', 'https://photos.zillowstatic.com/fp/3936ad8e5b79cbaa30896091011fc3fe-cc_ft_960.jpg', 'https://photos.zillowstatic.com/fp/3936ad8e5b79cbaa30896091011fc3fe-cc_ft_1152.jpg', 'https://photos.zillowstatic.com/fp/3936ad8e5b79cbaa30896091011fc3fe-cc_ft_1344.jpg', 'https://photos.zillowstatic.com/fp/3936ad8e5b79cbaa30896091011fc3fe-cc_ft_1536.jpg']",3,1.5,,1020,43.82851,-111.79478,Rexburg,364 W 1st N APT 3,ID,83440,,Apartment,,Reliable Property Management,2085350799,,,,,
https://www.zillow.com/homedetails/342-W-1-S-APT-601-Rexburg-ID-83440/115538244_zpid/,342 W 1 S APT 601 Rexburg ID 83440,TOWNHOUSE,"['https://photos.zillowstatic.com/fp/a937c257667198b38b692198d664a220-cc_ft_192.jpg', 'https://photos.zillowstatic.com/fp/a937c257667198b38b692198d664a220-cc_ft_384.jpg', 'https://photos.zillowstatic.com/fp/a937c257667198b38b692198d664a220-cc_ft_576.jpg', 'https://photos.zillowstatic.com/fp/a937c257667198b38b692198d664a220-cc_ft_768.jpg', 'https://photos.zillowstatic.com/fp/a937c257667198b38b692198d664a220-cc_ft_960.jpg', 'https://photos.zillowstatic.com/fp/a937c257667198b38b692198d664a220-cc_ft_1152.jpg', 'https://photos.zillowstatic.com/fp/a937c257667198b38b692198d664a220-cc_ft_1344.jpg', 'https://photos.zillowstatic.com/fp/a937c257667198b38b692198d664a220-cc_ft_1536.jpg']",4,3.5,2000,2400,43.82569,-111.794136,Rexburg,342 W 1 S APT 601,ID,83440,,Townhouse,,,,,,,,Sat Jun 1 2024
https://www.zillow.com/homedetails/66-S-1-W-106-Rexburg-ID-83440/2057992332_zpid/,66 S 1 W #106 Rexburg ID 83440,TOWNHOUSE,"['https://photos.zillowstatic.com/fp/c61036684cf44d17385040cfae204af3-cc_ft_192.jpg', 'https://photos.zillowstatic.com/fp/c61036684cf44d17385040cfae204af3-cc_ft_384.jpg', 'https://photos.zillowstatic.com/fp/c61036684cf44d17385040cfae204af3-cc_ft_576.jpg', 'https://photos.zillowstatic.com/fp/c61036684cf44d17385040cfae204af3-cc_ft_768.jpg', 'https://photos.zillowstatic.com/fp/c61036684cf44d17385040cfae204af3-cc_ft_960.jpg', 'https://photos.zillowstatic.com/fp/c61036684cf44d17385040cfae204af3-cc_ft_1152.jpg', 'https://photos.zillowstatic.com/fp/c61036684cf44d17385040cfae204af3-cc_ft_1344.jpg', 'https://photos.zillowstatic.com/fp/c61036684cf44d17385040cfae204af3-cc_ft_1536.jpg']",4,3,2000,2400,43.824425,-111.78706,Rexburg,66 S 1 W #106,ID,83440,,Townhouse,,lyn,6235709443,,,,,Available Now
https://www.zillow.com/homedetails/555-Sunflower-Rd-Rexburg-ID-83440/2054752484_zpid/,555 Sunflower Rd Rexburg ID 83440,TOWNHOUSE,"['https://photos.zillowstatic.com/fp/a4bd562d2b93cf1bb1a029407e018045-cc_ft_192.jpg', 'https://photos.zillowstatic.com/fp/a4bd562d2b93cf1bb1a029407e018045-cc_ft_384.jpg', 'https://photos.zillowstatic.com/fp/a4bd562d2b93cf1bb1a029407e018045-cc_ft_576.jpg', 'https://photos.zillowstatic.com/fp/a4bd562d2b93cf1bb1a029407e018045-cc_ft_768.jpg', 'https://photos.zillowstatic.com/fp/a4bd562d2b93cf1bb1a029407e018045-cc_ft_960.jpg', 'https://photos.zillowstatic.com/fp/a4bd562d2b93cf1bb1a029407e018045-cc_ft_1152.jpg', 'https://photos.zillowstatic.com/fp/a4bd562d2b93cf1bb1a029407e018045-cc_ft_1344.jpg', 'https://photos.zillowstatic.com/fp/a4bd562d2b93cf1bb1a029407e018045-cc_ft_1536.jpg']",3,2,1800,2200,43.81457,-111.81186,Rexburg,555 Sunflower Rd,ID,83440,,Townhouse,,Lynn,2089736813,,,,,Sun Jul 7 2024
https://www.zillow.com/homedetails/59-S-4-W-2-Rexburg-ID-83440/2063465878_zpid/,59 S 4 W #2 Rexburg ID 83440,APARTMENT,"['https://photos.zillowstatic.com/fp/50f69b216fde3016998663691a3d6a54-cc_ft_192.jpg', 'https://photos.zillowstatic.com/fp/50f69b216fde3016998663691a3d6a54-cc_ft_384.jpg', 'https://photos.zillowstatic.com/fp/50f69b216fde3016998663691a3d6a54-cc_ft_576.jpg', 'https://photos.zillowstatic.com/fp/50f69b216fde3016998663691a3d6a54-cc_ft_768.jpg', 'https://photos.zillowstatic.com/fp/50f69b216fde3016998663691a3d6a54-cc_ft_960.jpg', 'https://photos.zillowstatic.com/fp/50f69b216fde3016998663691a3d6a54-cc_ft_1152.jpg', 'https://photos.zillowstatic.com/fp/50f69b216fde3016998663691a3d6a54-cc_ft_1344.jpg', 'https://photos.zillowstatic.com/fp/50f69b216fde3016998663691a3d6a54-cc_ft_1536.jpg']",2,1,1140,1150,43.824463,-111.79468,Rexburg,59 S 4 W #2,ID,83440,,Apartment,,Bloxham Realty,2086073610,,,,,Available Now
https://www.zillow.com/homedetails/311-E-Lorene-St-Rexburg-ID-83440/2058040091_zpid/,311 E Lorene St Rexburg ID 83440,APARTMENT,"['https://photos.zillowstatic.com/fp/a96761ad3f3e94cec82fb5ae4eac10b2-cc_ft_192.jpg', 'https://photos.zillowstatic.com/fp/a96761ad3f3e94cec82fb5ae4eac10b2-cc_ft_384.jpg', 'https://photos.zillowstatic.com/fp/a96761ad3f3e94cec82fb5ae4eac10b2-cc_ft_576.jpg', 'https://photos.zillowstatic.com/fp/a96761ad3f3e94cec82fb5ae4eac10b2-cc_ft_768.jpg', 'https://photos.zillowstatic.com/fp/a96761ad3f3e94cec82fb5ae4eac10b2-cc_ft_960.jpg', 'https://photos.zillowstatic.com/fp/a96761ad3f3e94cec82fb5ae4eac10b2-cc_ft_1152.jpg', 'https://photos.zillowstatic.com/fp/a96761ad3f3e94cec82fb5ae4eac10b2-cc_ft_1344.jpg', 'https://photos.zillowstatic.com/fp/a96761ad3f3e94cec82fb5ae4eac10b2-cc_ft_1536.jpg']",1,1,578,950,43.83839,-111.77696,Rexburg,311 E Lorene St,ID,83440,,Apartment,,Stephanie Mortensen,2083600097,,,,,Available Now
https://www.zillow.com/homedetails/177-S-3-W-5-Rexburg-ID-83440/2058345871_zpid/,177 S 3 W #5 Rexburg ID 83440,APARTMENT,"['https://photos.zillowstatic.com/fp/6ee8fece84f284f40b512484d1b61401-cc_ft_192.jpg', 'https://photos.zillowstatic.com/fp/6ee8fece84f284f40b512484d1b61401-cc_ft_384.jpg', 'https://photos.zillowstatic.com/fp/6ee8fece84f284f40b512484d1b61401-cc_ft_576.jpg', 'https://photos.zillowstatic.com/fp/6ee8fece84f284f40b512484d1b61401-cc_ft_768.jpg', 'https://photos.zillowstatic.com/fp/6ee8fece84f284f40b512484d1b61401-cc_ft_960.jpg', 'https://photos.zillowstatic.com/fp/6ee8fece84f284f40b512484d1b61401-cc_ft_1152.jpg', 'https://photos.zillowstatic.com/fp/6ee8fece84f284f40b512484d1b61401-cc_ft_1344.jpg', 'https://photos.zillowstatic.com/fp/6ee8fece84f284f40b512484d1b61401-cc_ft_1536.jpg']",2,1,925,2200,43.82547,-111.79201,Rexburg,177 S 3 W #5,ID,83440,,Apartment,,Lyn,6235709443,,,,,
https://www.zillow.com/homedetails/160-N-1-W-Rexburg-ID-83440/2060002151_zpid/,160 N 1 W Rexburg ID 83440,APARTMENT,"['https://photos.zillowstatic.com/fp/f47af847e738aa6c3d7f575c41082d96-cc_ft_192.jpg', 'https://photos.zillowstatic.com/fp/f47af847e738aa6c3d7f575c41082d96-cc_ft_384.jpg', 'https://photos.zillowstatic.com/fp/f47af847e738aa6c3d7f575c41082d96-cc_ft_576.jpg', 'https://photos.zillowstatic.com/fp/f47af847e738aa6c3d7f575c41082d96-cc_ft_768.jpg', 'https://photos.zillowstatic.com/fp/f47af847e738aa6c3d7f575c41082d96-cc_ft_960.jpg', 'https://photos.zillowstatic.com/fp/f47af847e738aa6c3d7f575c41082d96-cc_ft_1152.jpg', 'https://photos.zillowstatic.com/fp/f47af847e738aa6c3d7f575c41082d96-cc_ft_1344.jpg', 'https://photos.zillowstatic.com/fp/f47af847e738aa6c3d7f575c41082d96-cc_ft_1536.jpg']",2,1,800,723,43.82966,-111.78597,Rexburg,160 N 1 W,ID,83440,,Apartment,,Jose Montenegro,2087168694,,,,,
https://www.zillow.com/homedetails/318-Pioneer-Rd-1402-Rexburg-ID-83440/2057645675_zpid/,318 Pioneer Rd #1402 Rexburg ID 83440,APARTMENT,"['https://photos.zillowstatic.com/fp/e9dd9a541c00fe949521b94b92a94d04-cc_ft_192.jpg', 'https://photos.zillowstatic.com/fp/e9dd9a541c00fe949521b94b92a94d04-cc_ft_384.jpg', 'https://photos.zillowstatic.com/fp/e9dd9a541c00fe949521b94b92a94d04-cc_ft_576.jpg', 'https://photos.zillowstatic.com/fp/e9dd9a541c00fe949521b94b92a94d04-cc_ft_768.jpg', 'https://photos.zillowstatic.com/fp/e9dd9a541c00fe949521b94b92a94d04-cc_ft_960.jpg', 'https://photos.zillowstatic.com/fp/e9dd9a541c00fe949521b94b92a94d04-cc_ft_1152.jpg', 'https://photos.zillowstatic.com/fp/e9dd9a541c00fe949521b94b92a94d04-cc_ft_1344.jpg', 'https://photos.zillowstatic.com/fp/e9dd9a541c00fe949521b94b92a94d04-cc_ft_1536.jpg']",2,1,900,950,43.81951,-111.808395,Rexburg,318 Pioneer Rd #1402,ID,83440,,Apartment,,Real Property Management,2085893710,,Real Property Management,,,Sat Jun 15 2024
https://www.zillow.com/homedetails/421-W-6th-S-APT-103-Rexburg-ID-83440/2094738000_zpid/,421 W 6th S APT 103 Rexburg ID 83440,APARTMENT,"['https://photos.zillowstatic.com/fp/8d3ffd0aa0690767fd14cb3a6de978db-cc_ft_192.jpg', 'https://photos.zillowstatic.com/fp/8d3ffd0aa0690767fd14cb3a6de978db-cc_ft_384.jpg', 'https://photos.zillowstatic.com/fp/8d3ffd0aa0690767fd14cb3a6de978db-cc_ft_576.jpg', 'https://photos.zillowstatic.com/fp/8d3ffd0aa0690767fd14cb3a6de978db-cc_ft_768.jpg', 'https://photos.zillowstatic.com/fp/8d3ffd0aa0690767fd14cb3a6de978db-cc_ft_960.jpg', 'https://photos.zillowstatic.com/fp/8d3ffd0aa0690767fd14cb3a6de978db-cc_ft_1152.jpg', 'https://photos.zillowstatic.com/fp/8d3ffd0aa0690767fd14cb3a6de978db-cc_ft_1344.jpg', 'https://photos.zillowstatic.com/fp/8d3ffd0aa0690767fd14cb3a6de978db-cc_ft_1536.jpg']",1,1,525,820,43.81322,-111.79631,Rexburg,421 W 6th S APT 103,ID,83440,,Apartment,,Stephanie Mortensen,2083600097,,,,,
https://www.zillow.com/homedetails/55-Sunflower-Rd-Rexburg-ID-83440/2078343824_zpid/,55 Sunflower Rd Rexburg ID 83440,TOWNHOUSE,"['https://photos.zillowstatic.com/fp/7e1d735353948db8904ed138bcf8e637-cc_ft_192.jpg', 'https://photos.zillowstatic.com/fp/7e1d735353948db8904ed138bcf8e637-cc_ft_384.jpg', 'https://photos.zillowstatic.com/fp/7e1d735353948db8904ed138bcf8e637-cc_ft_576.jpg', 'https://photos.zillowstatic.com/fp/7e1d735353948db8904ed138bcf8e637-cc_ft_768.jpg', 'https://photos.zillowstatic.com/fp/7e1d735353948db8904ed138bcf8e637-cc_ft_960.jpg', 'https://photos.zillowstatic.com/fp/7e1d735353948db8904ed138bcf8e637-cc_ft_1152.jpg', 'https://photos.zillowstatic.com/fp/7e1d735353948db8904ed138bcf8e637-cc_ft_1344.jpg', 'https://photos.zillowstatic.com/fp/7e1d735353948db8904ed138bcf8e637-cc_ft_1536.jpg']",3,2,1460,1800,43.816566,-111.81273,Rexburg,55 Sunflower Rd,ID,83440,2008,Townhouse,,,,,,,,Sat Jun 1 2024
https://www.zillow.com/homedetails/500-Sunflower-Rd-Rexburg-ID-83440/115537070_zpid/,500 Sunflower Rd Rexburg ID 83440,TOWNHOUSE,"['https://photos.zillowstatic.com/fp/c8b3ae600d4dc368f247d59506912512-cc_ft_192.jpg', 'https://photos.zillowstatic.com/fp/c8b3ae600d4dc368f247d59506912512-cc_ft_384.jpg', 'https://photos.zillowstatic.com/fp/c8b3ae600d4dc368f247d59506912512-cc_ft_576.jpg', 'https://photos.zillowstatic.com/fp/c8b3ae600d4dc368f247d59506912512-cc_ft_768.jpg', 'https://photos.zillowstatic.com/fp/c8b3ae600d4dc368f247d59506912512-cc_ft_960.jpg', 'https://photos.zillowstatic.com/fp/c8b3ae600d4dc368f247d59506912512-cc_ft_1152.jpg', 'https://photos.zillowstatic.com/fp/c8b3ae600d4dc368f247d59506912512-cc_ft_1344.jpg', 'https://photos.zillowstatic.com/fp/c8b3ae600d4dc368f247d59506912512-cc_ft_1536.jpg']",3,1.5,1468,1550,43.81562,-111.81199,Rexburg,500 Sunflower Rd,ID,83440,,Townhouse,,Stephanie Mortensen,2083600097,,,,,Sat Jun 1 2024
https://www.zillow.com/b/7n-bldg-1-1201-rexburg-id-CYWDbv/,676 Carlow Dr Rexburg ID 83440,land,"['https://photos.zillowstatic.com/fp/43147e85857730cc5b6269ef4272515e-cc_ft_384.jpg', 'https://photos.zillowstatic.com/fp/43147e85857730cc5b6269ef4272515e-cc_ft_576.jpg', 'https://photos.zillowstatic.com/fp/43147e85857730cc5b6269ef4272515e-cc_ft_768.jpg', 'https://photos.zillowstatic.com/fp/43147e85857730cc5b6269ef4272515e-cc_ft_960.jpg', 'https://photos.zillowstatic.com/fp/43147e85857730cc5b6269ef4272515e-cc_ft_1152.jpg', 'https://photos.zillowstatic.com/fp/43147e85857730cc5b6269ef4272515e-cc_ft_1344.jpg', 'https://photos.zillowstatic.com/fp/43147e85857730cc5b6269ef4272515e-cc_ft_1536.jpg']",3,2,,1500,43.769117,-111.666777,Rexburg,676 Carlow Dr,ID,83440,,,,,,,,,,
https://www.zillow.com/b/rexburg-west-apartments-rexburg-id-9LvtXg/,75 S 5 W Rexburg ID 83440,manufactured,"['https://photos.zillowstatic.com/fp/d7b77055bb375553288de4f0965d41ed-cc_ft_384.jpg', 'https://photos.zillowstatic.com/fp/d7b77055bb375553288de4f0965d41ed-cc_ft_576.jpg', 'https://photos.zillowstatic.com/fp/d7b77055bb375553288de4f0965d41ed-cc_ft_768.jpg', 'https://photos.zillowstatic.com/fp/d7b77055bb375553288de4f0965d41ed-cc_ft_960.jpg', 'https://photos.zillowstatic.com/fp/d7b77055bb375553288de4f0965d41ed-cc_ft_1152.jpg', 'https://photos.zillowstatic.com/fp/d7b77055bb375553288de4f0965d41ed-cc_ft_1344.jpg', 'https://photos.zillowstatic.com/fp/d7b77055bb375553288de4f0965d41ed-cc_ft_1536.jpg']",2,1,,850,43.824556,-111.795848,Rexburg,75 S 5 W,ID,83440,,,,,,,,,,
https://www.zillow.com/homedetails/131-N-5-W-Rexburg-ID-83440/115533448_zpid/,131 N 5 W Rexburg ID 83440,SINGLE_FAMILY,"['https://photos.zillowstatic.com/fp/118f3f6a2de176e47a88725fa4dfa0f0-cc_ft_192.jpg', 'https://photos.zillowstatic.com/fp/118f3f6a2de176e47a88725fa4dfa0f0-cc_ft_384.jpg', 'https://photos.zillowstatic.com/fp/118f3f6a2de176e47a88725fa4dfa0f0-cc_ft_576.jpg', 'https://photos.zillowstatic.com/fp/118f3f6a2de176e47a88725fa4dfa0f0-cc_ft_768.jpg', 'https://photos.zillowstatic.com/fp/118f3f6a2de176e47a88725fa4dfa0f0-cc_ft_960.jpg', 'https://photos.zillowstatic.com/fp/118f3f6a2de176e47a88725fa4dfa0f0-cc_ft_1152.jpg', 'https://photos.zillowstatic.com/fp/118f3f6a2de176e47a88725fa4dfa0f0-cc_ft_1344.jpg', 'https://photos.zillowstatic.com/fp/118f3f6a2de176e47a88725fa4dfa0f0-cc_ft_1536.jpg']",3,2,1235,1700,43.82885,-111.79909,Rexburg,131 N 5 W,ID,83440,,Single Family,,Stephanie Mortensen,2083600097,,,,,Mon May 20 2024
https://www.zillow.com/b/hyde-park-apartments-1-rexburg-id-5h5W7k/,707 S 5 W Rexburg ID 83440,condo,"['https://photos.zillowstatic.com/fp/279f91c6ced0ba034b740d88327e0361-cc_ft_384.jpg', 'https://photos.zillowstatic.com/fp/279f91c6ced0ba034b740d88327e0361-cc_ft_576.jpg', 'https://photos.zillowstatic.com/fp/279f91c6ced0ba034b740d88327e0361-cc_ft_768.jpg', 'https://photos.zillowstatic.com/fp/279f91c6ced0ba034b740d88327e0361-cc_ft_960.jpg', 'https://photos.zillowstatic.com/fp/279f91c6ced0ba034b740d88327e0361-cc_ft_1152.jpg', 'https://photos.zillowstatic.com/fp/279f91c6ced0ba034b740d88327e0361-cc_ft_1344.jpg', 'https://photos.zillowstatic.com/fp/279f91c6ced0ba034b740d88327e0361-cc_ft_1536.jpg']",2,1,,875,43.810976,-111.795647,Rexburg,707 S 5 W,ID,83440,,,,,,,,,,
https://www.zillow.com/b/163-n-center-st-rexburg-id-9THkWP/,163 N Center St Rexburg ID 83440,apartment,"['https://photos.zillowstatic.com/fp/b3ff2a08ca985fb0134e1d74d639b942-cc_ft_384.jpg', 'https://photos.zillowstatic.com/fp/b3ff2a08ca985fb0134e1d74d639b942-cc_ft_576.jpg', 'https://photos.zillowstatic.com/fp/b3ff2a08ca985fb0134e1d74d639b942-cc_ft_768.jpg', 'https://photos.zillowstatic.com/fp/b3ff2a08ca985fb0134e1d74d639b942-cc_ft_960.jpg', 'https://photos.zillowstatic.com/fp/b3ff2a08ca985fb0134e1d74d639b942-cc_ft_1152.jpg', 'https://photos.zillowstatic.com/fp/b3ff2a08ca985fb0134e1d74d639b942-cc_ft_1344.jpg', 'https://photos.zillowstatic.com/fp/b3ff2a08ca985fb0134e1d74d639b942-cc_ft_1536.jpg']",2,1,,900,43.82957,-111.784172,Rexburg,163 N Center St,ID,83440,,,,,,,,,,
https://www.zillow.com/b/e.-harper-892-rexburg-id-9hKbvD/,892 Everett Pl Rexburg ID 83440,apartment,"['https://photos.zillowstatic.com/fp/f4cb0ea1d4406840e52684280dbef2c4-cc_ft_384.jpg', 'https://photos.zillowstatic.com/fp/f4cb0ea1d4406840e52684280dbef2c4-cc_ft_576.jpg', 'https://photos.zillowstatic.com/fp/f4cb0ea1d4406840e52684280dbef2c4-cc_ft_768.jpg', 'https://photos.zillowstatic.com/fp/f4cb0ea1d4406840e52684280dbef2c4-cc_ft_960.jpg', 'https://photos.zillowstatic.com/fp/f4cb0ea1d4406840e52684280dbef2c4-cc_ft_1152.jpg', 'https://photos.zillowstatic.com/fp/f4cb0ea1d4406840e52684280dbef2c4-cc_ft_1344.jpg', 'https://photos.zillowstatic.com/fp/f4cb0ea1d4406840e52684280dbef2c4-cc_ft_1536.jpg']",2,1,,950,43.814644,-111.809993,Rexburg,892 Everett Pl,ID,83440,,,,,,,,,,
https://www.zillow.com/homedetails/519-Laurel-St-Rexburg-ID-83440/115537142_zpid/,519 Laurel St Rexburg ID 83440,SINGLE_FAMILY,"['https://photos.zillowstatic.com/fp/5658a08d50d183408c3d732ba16aec9e-cc_ft_192.jpg', 'https://photos.zillowstatic.com/fp/5658a08d50d183408c3d732ba16aec9e-cc_ft_384.jpg', 'https://photos.zillowstatic.com/fp/5658a08d50d183408c3d732ba16aec9e-cc_ft_576.jpg', 'https://photos.zillowstatic.com/fp/5658a08d50d183408c3d732ba16aec9e-cc_ft_768.jpg', 'https://photos.zillowstatic.com/fp/5658a08d50d183408c3d732ba16aec9e-cc_ft_960.jpg', 'https://photos.zillowstatic.com/fp/5658a08d50d183408c3d732ba16aec9e-cc_ft_1152.jpg', 'https://photos.zillowstatic.com/fp/5658a08d50d183408c3d732ba16aec9e-cc_ft_1344.jpg', 'https://photos.zillowstatic.com/fp/5658a08d50d183408c3d732ba16aec9e-cc_ft_1536.jpg']",3,2,942,1300,43.830025,-111.76531,Rexburg,519 Laurel St,ID,83440,,Single Family,,Madison Alpine,2087545350,,,,,
https://www.zillow.com/apartments/rexburg-id/cantamere-building-1-.dash.-1202/BLYRtg/,591 Turin Way Rexburg ID 83440,townhome,"['https://photos.zillowstatic.com/fp/e7e6300cd095f74d4eb46d87761109fe-cc_ft_384.jpg', 'https://photos.zillowstatic.com/fp/e7e6300cd095f74d4eb46d87761109fe-cc_ft_576.jpg', 'https://photos.zillowstatic.com/fp/e7e6300cd095f74d4eb46d87761109fe-cc_ft_768.jpg', 'https://photos.zillowstatic.com/fp/e7e6300cd095f74d4eb46d87761109fe-cc_ft_960.jpg', 'https://photos.zillowstatic.com/fp/e7e6300cd095f74d4eb46d87761109fe-cc_ft_1152.jpg', 'https://photos.zillowstatic.com/fp/e7e6300cd095f74d4eb46d87761109fe-cc_ft_1344.jpg', 'https://photos.zillowstatic.com/fp/e7e6300cd095f74d4eb46d87761109fe-cc_ft_1536.jpg']",2,1,,995,43.813363,-111.801919,Rexburg,591 Turin Way,ID,83440,,,,,,,,,,
https://www.zillow.com/b/jensen-920-rexburg-id-5XtrmZ/,920 Anne St Rexburg ID 83440,apartment,"['https://photos.zillowstatic.com/fp/2a2323960aee1df31368dcd1981f552a-cc_ft_384.jpg', 'https://photos.zillowstatic.com/fp/2a2323960aee1df31368dcd1981f552a-cc_ft_576.jpg', 'https://photos.zillowstatic.com/fp/2a2323960aee1df31368dcd1981f552a-cc_ft_768.jpg', 'https://photos.zillowstatic.com/fp/2a2323960aee1df31368dcd1981f552a-cc_ft_960.jpg', 'https://photos.zillowstatic.com/fp/2a2323960aee1df31368dcd1981f552a-cc_ft_1152.jpg', 'https://photos.zillowstatic.com/fp/2a2323960aee1df31368dcd1981f552a-cc_ft_1344.jpg', 'https://photos.zillowstatic.com/fp/2a2323960aee1df31368dcd1981f552a-cc_ft_1536.jpg']",2,1,,895,43.818737,-111.810361,Rexburg,920 Anne St,ID,83440,,,,,,,,,,
https://www.zillow.com/b/k.-harper-398-.num.4-rexburg-id-9Lvrhj/,398 Pioneer Rd Rexburg ID 83440,apartment,"['https://photos.zillowstatic.com/fp/032146b780057d3aa6e27ac9945974de-cc_ft_384.jpg', 'https://photos.zillowstatic.com/fp/032146b780057d3aa6e27ac9945974de-cc_ft_576.jpg', 'https://photos.zillowstatic.com/fp/032146b780057d3aa6e27ac9945974de-cc_ft_768.jpg', 'https://photos.zillowstatic.com/fp/032146b780057d3aa6e27ac9945974de-cc_ft_960.jpg', 'https://photos.zillowstatic.com/fp/032146b780057d3aa6e27ac9945974de-cc_ft_1152.jpg', 'https://photos.zillowstatic.com/fp/032146b780057d3aa6e27ac9945974de-cc_ft_1344.jpg', 'https://photos.zillowstatic.com/fp/032146b780057d3aa6e27ac9945974de-cc_ft_1536.jpg']",2,1,,950,43.817742,-111.808489,Rexburg,398 Pioneer Rd,ID,83440,,,,,,,,,,
https://www.zillow.com/homedetails/5964-S-Figueroa-St-5964-Los-Angeles-CA-90003/347925482_zpid/,5964 S Figueroa St #5964 Los Angeles CA 90003,APARTMENT,"['https://photos.zillowstatic.com/fp/6c4b807cdf53d08a24786db1e84dfaad-cc_ft_192.jpg', 'https://photos.zillowstatic.com/fp/6c4b807cdf53d08a24786db1e84dfaad-cc_ft_384.jpg', 'https://photos.zillowstatic.com/fp/6c4b807cdf53d08a24786db1e84dfaad-cc_ft_576.jpg', 'https://photos.zillowstatic.com/fp/6c4b807cdf53d08a24786db1e84dfaad-cc_ft_768.jpg', 'https://photos.zillowstatic.com/fp/6c4b807cdf53d08a24786db1e84dfaad-cc_ft_960.jpg', 'https://photos.zillowstatic.com/fp/6c4b807cdf53d08a24786db1e84dfaad-cc_ft_1152.jpg', 'https://photos.zillowstatic.com/fp/6c4b807cdf53d08a24786db1e84dfaad-cc_ft_1344.jpg', 'https://photos.zillowstatic.com/fp/6c4b807cdf53d08a24786db1e84dfaad-cc_ft_1536.jpg']",2,1,850,2400,33.9855,-118.28234,Los Angeles,5964 S Figueroa St #5964,CA,90003,,Apartment,,,,,,,,Available Now
https://www.zillow.com/homedetails/448-1-2-W-57th-St-Los-Angeles-CA-90037/346991537_zpid/,448 1/2 W 57th St Los Angeles CA 90037,APARTMENT,"['https://photos.zillowstatic.com/fp/832d07e89df1f8f53628556223d8237f-cc_ft_192.jpg', 'https://photos.zillowstatic.com/fp/832d07e89df1f8f53628556223d8237f-cc_ft_384.jpg', 'https://photos.zillowstatic.com/fp/832d07e89df1f8f53628556223d8237f-cc_ft_576.jpg', 'https://photos.zillowstatic.com/fp/832d07e89df1f8f53628556223d8237f-cc_ft_768.jpg', 'https://photos.zillowstatic.com/fp/832d07e89df1f8f53628556223d8237f-cc_ft_960.jpg', 'https://photos.zillowstatic.com/fp/832d07e89df1f8f53628556223d8237f-cc_ft_1152.jpg', 'https://photos.zillowstatic.com/fp/832d07e89df1f8f53628556223d8237f-cc_ft_1344.jpg', 'https://photos.zillowstatic.com/fp/832d07e89df1f8f53628556223d8237f-cc_ft_1536.jpg']",2,2,1000,2850,33.990456,-118.28217,Los Angeles,448 1/2 W 57th St,CA,90037,,Apartment,,Patricia Montano,2136822850,,Golden Rule Lending LLC.,,,
https://www.zillow.com/homedetails/123-E-91st-St-Los-Angeles-CA-90003/348385145_zpid/,123 E 91st St Los Angeles CA 90003,SINGLE_FAMILY,"['https://photos.zillowstatic.com/fp/273638696cc360769cfaa9189d74dd3b-cc_ft_192.jpg', 'https://photos.zillowstatic.com/fp/273638696cc360769cfaa9189d74dd3b-cc_ft_384.jpg', 'https://photos.zillowstatic.com/fp/273638696cc360769cfaa9189d74dd3b-cc_ft_576.jpg', 'https://photos.zillowstatic.com/fp/273638696cc360769cfaa9189d74dd3b-cc_ft_768.jpg', 'https://photos.zillowstatic.com/fp/273638696cc360769cfaa9189d74dd3b-cc_ft_960.jpg', 'https://photos.zillowstatic.com/fp/273638696cc360769cfaa9189d74dd3b-cc_ft_1152.jpg', 'https://photos.zillowstatic.com/fp/273638696cc360769cfaa9189d74dd3b-cc_ft_1344.jpg', 'https://photos.zillowstatic.com/fp/273638696cc360769cfaa9189d74dd3b-cc_ft_1536.jpg']",3,1,1100,3915,33.953907,-118.27328,Los Angeles,123 E 91st St,CA,90003,,Single Family,,,,,,,,Available Now
https://www.zillow.com/b/210-w-43rd-pl-los-angeles-ca-5XtR2W/,210 W 43rd Pl Los Angeles CA 90037 Southeast Los Angeles,apartment,"['https://photos.zillowstatic.com/fp/12d51dfe977d19390f91d0fb354b4f7c-cc_ft_384.jpg', 'https://photos.zillowstatic.com/fp/12d51dfe977d19390f91d0fb354b4f7c-cc_ft_576.jpg', 'https://photos.zillowstatic.com/fp/12d51dfe977d19390f91d0fb354b4f7c-cc_ft_768.jpg', 'https://photos.zillowstatic.com/fp/12d51dfe977d19390f91d0fb354b4f7c-cc_ft_960.jpg', 'https://photos.zillowstatic.com/fp/12d51dfe977d19390f91d0fb354b4f7c-cc_ft_1152.jpg', 'https://photos.zillowstatic.com/fp/12d51dfe977d19390f91d0fb354b4f7c-cc_ft_1344.jpg', 'https://photos.zillowstatic.com/fp/12d51dfe977d19390f91d0fb354b4f7c-cc_ft_1536.jpg']",,1,,1125,34.004447,-118.276556,Los Angeles,210 W 43rd Pl,CA,90037,,,,,,,,,,
https://www.zillow.com/apartments/los-angeles-ca/broadway/BnrCXJ/,8319 S Broadway Los Angeles CA 90003 Southeast Los Angeles,apartment,"['https://photos.zillowstatic.com/fp/d65fe42cf447052790711cfa94007631-cc_ft_384.jpg', 'https://photos.zillowstatic.com/fp/d65fe42cf447052790711cfa94007631-cc_ft_576.jpg', 'https://photos.zillowstatic.com/fp/d65fe42cf447052790711cfa94007631-cc_ft_768.jpg', 'https://photos.zillowstatic.com/fp/d65fe42cf447052790711cfa94007631-cc_ft_960.jpg', 'https://photos.zillowstatic.com/fp/d65fe42cf447052790711cfa94007631-cc_ft_1152.jpg', 'https://photos.zillowstatic.com/fp/d65fe42cf447052790711cfa94007631-cc_ft_1344.jpg', 'https://photos.zillowstatic.com/fp/d65fe42cf447052790711cfa94007631-cc_ft_1536.jpg']",,,,,33.963909,-118.278634,Los Angeles,8319 S Broadway,CA,90003,,,,,,,,,,
https://www.zillow.com/homedetails/629-W-56th-St-Los-Angeles-CA-90037/20560966_zpid/,629 W 56th St Los Angeles CA 90037,APARTMENT,"['https://photos.zillowstatic.com/fp/5c2aa489e0c00eb235aea077107f284e-cc_ft_192.jpg', 'https://photos.zillowstatic.com/fp/5c2aa489e0c00eb235aea077107f284e-cc_ft_384.jpg', 'https://photos.zillowstatic.com/fp/5c2aa489e0c00eb235aea077107f284e-cc_ft_576.jpg', 'https://photos.zillowstatic.com/fp/5c2aa489e0c00eb235aea077107f284e-cc_ft_768.jpg', 'https://photos.zillowstatic.com/fp/5c2aa489e0c00eb235aea077107f284e-cc_ft_960.jpg', 'https://photos.zillowstatic.com/fp/5c2aa489e0c00eb235aea077107f284e-cc_ft_1152.jpg', 'https://photos.zillowstatic.com/fp/5c2aa489e0c00eb235aea077107f284e-cc_ft_1344.jpg', 'https://photos.zillowstatic.com/fp/5c2aa489e0c00eb235aea077107f284e-cc_ft_1536.jpg']",2,1,850,2250,33.991722,-118.285194,Los Angeles,629 W 56th St,CA,90037,,Apartment,,,,,,,11032.44,Available Now
https://www.zillow.com/homedetails/6406-S-San-Pedro-St-Los-Angeles-CA-90003/347703379_zpid/,6406 S San Pedro St Los Angeles CA 90003,TOWNHOUSE,"['https://photos.zillowstatic.com/fp/8e3ae9822055e6d0f500adecca22fcda-cc_ft_192.jpg', 'https://photos.zillowstatic.com/fp/8e3ae9822055e6d0f500adecca22fcda-cc_ft_384.jpg', 'https://photos.zillowstatic.com/fp/8e3ae9822055e6d0f500adecca22fcda-cc_ft_576.jpg', 'https://photos.zillowstatic.com/fp/8e3ae9822055e6d0f500adecca22fcda-cc_ft_768.jpg', 'https://photos.zillowstatic.com/fp/8e3ae9822055e6d0f500adecca22fcda-cc_ft_960.jpg', 'https://photos.zillowstatic.com/fp/8e3ae9822055e6d0f500adecca22fcda-cc_ft_1152.jpg', 'https://photos.zillowstatic.com/fp/8e3ae9822055e6d0f500adecca22fcda-cc_ft_1344.jpg', 'https://photos.zillowstatic.com/fp/8e3ae9822055e6d0f500adecca22fcda-cc_ft_1536.jpg']",3,2,,3500,33.981266,-118.26942,Los Angeles,6406 S San Pedro St,CA,90003,,Townhouse,,Josue Urquieta,2137862360,,Pelda o,,,Available Now
https://www.zillow.com/homedetails/10115-State-St-Lynwood-CA-90262/2087294234_zpid/,10115 State St Lynwood CA 90262,APARTMENT,"['https://photos.zillowstatic.com/fp/4d9dcf49f651ab99068c83361cae412b-cc_ft_192.jpg', 'https://photos.zillowstatic.com/fp/4d9dcf49f651ab99068c83361cae412b-cc_ft_384.jpg', 'https://photos.zillowstatic.com/fp/4d9dcf49f651ab99068c83361cae412b-cc_ft_576.jpg', 'https://photos.zillowstatic.com/fp/4d9dcf49f651ab99068c83361cae412b-cc_ft_768.jpg', 'https://photos.zillowstatic.com/fp/4d9dcf49f651ab99068c83361cae412b-cc_ft_960.jpg', 'https://photos.zillowstatic.com/fp/4d9dcf49f651ab99068c83361cae412b-cc_ft_1152.jpg', 'https://photos.zillowstatic.com/fp/4d9dcf49f651ab99068c83361cae412b-cc_ft_1344.jpg', 'https://photos.zillowstatic.com/fp/4d9dcf49f651ab99068c83361cae412b-cc_ft_1536.jpg']",2,1,741,2195,33.94317,-118.214264,Lynwood,10115 State St,CA,90262,,Apartment,,Hugo Cervantes,3237926502,,,,,
https://www.zillow.com/homedetails/156-E-109th-St-Los-Angeles-CA-90061/20971125_zpid/,156 E 109th St Los Angeles CA 90061,SINGLE_FAMILY,"['https://photos.zillowstatic.com/fp/4ac14a985aae7292c5e4a459d81a144d-cc_ft_192.jpg', 'https://photos.zillowstatic.com/fp/4ac14a985aae7292c5e4a459d81a144d-cc_ft_384.jpg', 'https://photos.zillowstatic.com/fp/4ac14a985aae7292c5e4a459d81a144d-cc_ft_576.jpg', 'https://photos.zillowstatic.com/fp/4ac14a985aae7292c5e4a459d81a144d-cc_ft_768.jpg', 'https://photos.zillowstatic.com/fp/4ac14a985aae7292c5e4a459d81a144d-cc_ft_960.jpg', 'https://photos.zillowstatic.com/fp/4ac14a985aae7292c5e4a459d81a144d-cc_ft_1152.jpg', 'https://photos.zillowstatic.com/fp/4ac14a985aae7292c5e4a459d81a144d-cc_ft_1344.jpg', 'https://photos.zillowstatic.com/fp/4ac14a985aae7292c5e4a459d81a144d-cc_ft_1536.jpg']",2,1,616,3000,33.93715,-118.271835,Los Angeles,156 E 109th St,CA,90061,,Single Family,,,,,,,4912.36,Available Now
https://www.zillow.com/homedetails/2211-E-Gage-Ave-1-Huntington-Park-CA-90255/348832099_zpid/,2211 E Gage Ave #1 Huntington Park CA 90255,APARTMENT,"['https://photos.zillowstatic.com/fp/329dc5a4f9fcf9b730f7eeb7e45096f2-cc_ft_192.jpg', 'https://photos.zillowstatic.com/fp/329dc5a4f9fcf9b730f7eeb7e45096f2-cc_ft_384.jpg', 'https://photos.zillowstatic.com/fp/329dc5a4f9fcf9b730f7eeb7e45096f2-cc_ft_576.jpg', 'https://photos.zillowstatic.com/fp/329dc5a4f9fcf9b730f7eeb7e45096f2-cc_ft_768.jpg', 'https://photos.zillowstatic.com/fp/329dc5a4f9fcf9b730f7eeb7e45096f2-cc_ft_960.jpg', 'https://photos.zillowstatic.com/fp/329dc5a4f9fcf9b730f7eeb7e45096f2-cc_ft_1152.jpg', 'https://photos.zillowstatic.com/fp/329dc5a4f9fcf9b730f7eeb7e45096f2-cc_ft_1344.jpg', 'https://photos.zillowstatic.com/fp/329dc5a4f9fcf9b730f7eeb7e45096f2-cc_ft_1536.jpg']",1,1,615,1850,33.981827,-118.23212,Huntington Park,2211 E Gage Ave #1,CA,90255,,Apartment,,Ashley Olmeda,6266022064,,,,,Available Now
https://www.zillow.com/homedetails/11100-Willowbrook-Ave-Los-Angeles-CA-90059/20969446_zpid/,11100 Willowbrook Ave Los Angeles CA 90059,SINGLE_FAMILY,"['https://maps.googleapis.com/maps/api/staticmap?mobile=false&sensor=true&maptype=satellite&size=192x144&zoom=17&center=33.934226989746094,-118.24028015136719&key=AIzaSyBJsNQO5ZeG-XAbqqWLKwG08fWITSxg33w&&signature=H0x7OluxvJnOLsl6MWXx2EC_t_c=', 'https://maps.googleapis.com/maps/api/staticmap?mobile=false&sensor=true&maptype=satellite&size=384x288&zoom=17&center=33.934226989746094,-118.24028015136719&key=AIzaSyBJsNQO5ZeG-XAbqqWLKwG08fWITSxg33w&&signature=LfKrMKgmLKp-vGB5HhbjaLhP5Iw=', 'https://maps.googleapis.com/maps/api/staticmap?mobile=false&sensor=true&maptype=satellite&size=576x432&zoom=17&center=33.934226989746094,-118.24028015136719&key=AIzaSyBJsNQO5ZeG-XAbqqWLKwG08fWITSxg33w&&signature=rowyUNSAulRnqAiriU5ktsMotJ4=', 'https://maps.googleapis.com/maps/api/staticmap?mobile=false&sensor=true&maptype=satellite&size=768x576&zoom=17&center=33.934226989746094,-118.24028015136719&key=AIzaSyBJsNQO5ZeG-XAbqqWLKwG08fWITSxg33w&&signature=4gNeLZMih6faBy1d4Rs9xyBNAaU=', 'https://maps.googleapis.com/maps/api/staticmap?mobile=false&sensor=true&maptype=satellite&size=960x720&zoom=17&center=33.934226989746094,-118.24028015136719&key=AIzaSyBJsNQO5ZeG-XAbqqWLKwG08fWITSxg33w&&signature=ufmnRaFB9rFcF5AZuK1fmZI88Is=', 'https://maps.googleapis.com/maps/api/staticmap?mobile=false&sensor=true&maptype=satellite&size=1152x864&zoom=17&center=33.934226989746094,-118.24028015136719&key=AIzaSyBJsNQO5ZeG-XAbqqWLKwG08fWITSxg33w&&signature=Skiti7lkWIL_Ew1bSiNI_T53jFg=', 'https://maps.googleapis.com/maps/api/staticmap?mobile=false&sensor=true&maptype=satellite&size=1344x1008&zoom=17&center=33.934226989746094,-118.24028015136719&key=AIzaSyBJsNQO5ZeG-XAbqqWLKwG08fWITSxg33w&&signature=GD1hqxLcjF6SuE5Y0lrT2K2KFS4=', 'https://maps.googleapis.com/maps/api/staticmap?mobile=false&sensor=true&maptype=satellite&size=1536x1152&zoom=17&center=33.934226989746094,-118.24028015136719&key=AIzaSyBJsNQO5ZeG-XAbqqWLKwG08fWITSxg33w&&signature=j4_cSUhcxmlBeKYaT0wEyriOb3Q=']",4,2,,3700,33.934227,-118.24028,Los Angeles,11100 Willowbrook Ave,CA,90059,,Single Family,,,,,,,3601.04,Available Now
https://www.zillow.com/homedetails/2215-E-Gage-Ave-2-Huntington-Park-CA-90255/348832756_zpid/,2215 E Gage Ave #2 Huntington Park CA 90255,APARTMENT,"['https://photos.zillowstatic.com/fp/329dc5a4f9fcf9b730f7eeb7e45096f2-cc_ft_192.jpg', 'https://photos.zillowstatic.com/fp/329dc5a4f9fcf9b730f7eeb7e45096f2-cc_ft_384.jpg', 'https://photos.zillowstatic.com/fp/329dc5a4f9fcf9b730f7eeb7e45096f2-cc_ft_576.jpg', 'https://photos.zillowstatic.com/fp/329dc5a4f9fcf9b730f7eeb7e45096f2-cc_ft_768.jpg', 'https://photos.zillowstatic.com/fp/329dc5a4f9fcf9b730f7eeb7e45096f2-cc_ft_960.jpg', 'https://photos.zillowstatic.com/fp/329dc5a4f9fcf9b730f7eeb7e45096f2-cc_ft_1152.jpg', 'https://photos.zillowstatic.com/fp/329dc5a4f9fcf9b730f7eeb7e45096f2-cc_ft_1344.jpg', 'https://photos.zillowstatic.com/fp/329dc5a4f9fcf9b730f7eeb7e45096f2-cc_ft_1536.jpg']",1,1,615,1850,33.981644,-118.23197,Huntington Park,2215 E Gage Ave #2,CA,90255,,Apartment,,Ashley Olmeda,6266813648,,,,,Sat Jun 1 2024
https://www.zillow.com/b/717-1-2-west-47th-street-los-angeles-ca-CbDMWj/,717 1/2 W 47th St Los Angeles CA 90011 Southeast Los Angeles,apartment,"['https://photos.zillowstatic.com/fp/d0f9efec529667e7b31b6ea95609e13a-cc_ft_384.jpg', 'https://photos.zillowstatic.com/fp/d0f9efec529667e7b31b6ea95609e13a-cc_ft_576.jpg', 'https://photos.zillowstatic.com/fp/d0f9efec529667e7b31b6ea95609e13a-cc_ft_768.jpg', 'https://photos.zillowstatic.com/fp/d0f9efec529667e7b31b6ea95609e13a-cc_ft_960.jpg', 'https://photos.zillowstatic.com/fp/d0f9efec529667e7b31b6ea95609e13a-cc_ft_1152.jpg', 'https://photos.zillowstatic.com/fp/d0f9efec529667e7b31b6ea95609e13a-cc_ft_1344.jpg', 'https://photos.zillowstatic.com/fp/d0f9efec529667e7b31b6ea95609e13a-cc_ft_1536.jpg']",1,1,,750,34.000828,-118.263076,Los Angeles,717 1/2 W 47th St,CA,90011,,,,,,,,,,
https://www.zillow.com/homedetails/10705-S-Figueroa-St-APT-2-Los-Angeles-CA-90061/2057774765_zpid/,10705 S Figueroa St APT 2 Los Angeles CA 90061,APARTMENT,"['https://photos.zillowstatic.com/fp/9a602d7f67b62311fa3e753b4255a507-cc_ft_192.jpg', 'https://photos.zillowstatic.com/fp/9a602d7f67b62311fa3e753b4255a507-cc_ft_384.jpg', 'https://photos.zillowstatic.com/fp/9a602d7f67b62311fa3e753b4255a507-cc_ft_576.jpg', 'https://photos.zillowstatic.com/fp/9a602d7f67b62311fa3e753b4255a507-cc_ft_768.jpg', 'https://photos.zillowstatic.com/fp/9a602d7f67b62311fa3e753b4255a507-cc_ft_960.jpg', 'https://photos.zillowstatic.com/fp/9a602d7f67b62311fa3e753b4255a507-cc_ft_1152.jpg', 'https://photos.zillowstatic.com/fp/9a602d7f67b62311fa3e753b4255a507-cc_ft_1344.jpg', 'https://photos.zillowstatic.com/fp/9a602d7f67b62311fa3e753b4255a507-cc_ft_1536.jpg']",3,2,1100,3150,33.938698,-118.28295,Los Angeles,10705 S Figueroa St APT 2,CA,90061,,Apartment,,Manager,3104558267,,Vermont Vista Management,,,
https://www.zillow.com/homedetails/8310-Avalon-Blvd-3-Los-Angeles-CA-90003/348864507_zpid/,8310 Avalon Blvd #3 Los Angeles CA 90003,APARTMENT,"['https://photos.zillowstatic.com/fp/19418f3690ad55ed8357109622dc4b46-cc_ft_192.jpg', 'https://photos.zillowstatic.com/fp/19418f3690ad55ed8357109622dc4b46-cc_ft_384.jpg', 'https://photos.zillowstatic.com/fp/19418f3690ad55ed8357109622dc4b46-cc_ft_576.jpg', 'https://photos.zillowstatic.com/fp/19418f3690ad55ed8357109622dc4b46-cc_ft_768.jpg', 'https://photos.zillowstatic.com/fp/19418f3690ad55ed8357109622dc4b46-cc_ft_960.jpg', 'https://photos.zillowstatic.com/fp/19418f3690ad55ed8357109622dc4b46-cc_ft_1152.jpg', 'https://photos.zillowstatic.com/fp/19418f3690ad55ed8357109622dc4b46-cc_ft_1344.jpg', 'https://photos.zillowstatic.com/fp/19418f3690ad55ed8357109622dc4b46-cc_ft_1536.jpg']",1,1,500,2050,33.963364,-118.264824,Los Angeles,8310 Avalon Blvd #3,CA,90003,,Apartment,,,,,,,,Wed May 15 2024
https://www.zillow.com/homedetails/9519-Clovis-Ave-Los-Angeles-CA-90002/20958112_zpid/,9519 Clovis Ave Los Angeles CA 90002,APARTMENT,"['https://photos.zillowstatic.com/fp/d80ec49f196f64ec230f31f4364293f6-cc_ft_192.jpg', 'https://photos.zillowstatic.com/fp/d80ec49f196f64ec230f31f4364293f6-cc_ft_384.jpg', 'https://photos.zillowstatic.com/fp/d80ec49f196f64ec230f31f4364293f6-cc_ft_576.jpg', 'https://photos.zillowstatic.com/fp/d80ec49f196f64ec230f31f4364293f6-cc_ft_768.jpg', 'https://photos.zillowstatic.com/fp/d80ec49f196f64ec230f31f4364293f6-cc_ft_960.jpg', 'https://photos.zillowstatic.com/fp/d80ec49f196f64ec230f31f4364293f6-cc_ft_1152.jpg', 'https://photos.zillowstatic.com/fp/d80ec49f196f64ec230f31f4364293f6-cc_ft_1344.jpg', 'https://photos.zillowstatic.com/fp/d80ec49f196f64ec230f31f4364293f6-cc_ft_1536.jpg']",2,1,640,3052,33.94958,-118.2568,Los Angeles,9519 Clovis Ave,CA,90002,,Apartment,,Daniel DeLeon,2136687210,,eXp Commercial,,2622.6,
https://www.zillow.com/homedetails/128-E-46th-St-1-2-Los-Angeles-CA-90011/349665295_zpid/,128 E 46th St #1/2 Los Angeles CA 90011,APARTMENT,"['https://photos.zillowstatic.com/fp/fe03a7b13a71390788d804845e715cf5-cc_ft_192.jpg', 'https://photos.zillowstatic.com/fp/fe03a7b13a71390788d804845e715cf5-cc_ft_384.jpg', 'https://photos.zillowstatic.com/fp/fe03a7b13a71390788d804845e715cf5-cc_ft_576.jpg', 'https://photos.zillowstatic.com/fp/fe03a7b13a71390788d804845e715cf5-cc_ft_768.jpg', 'https://photos.zillowstatic.com/fp/fe03a7b13a71390788d804845e715cf5-cc_ft_960.jpg', 'https://photos.zillowstatic.com/fp/fe03a7b13a71390788d804845e715cf5-cc_ft_1152.jpg', 'https://photos.zillowstatic.com/fp/fe03a7b13a71390788d804845e715cf5-cc_ft_1344.jpg', 'https://photos.zillowstatic.com/fp/fe03a7b13a71390788d804845e715cf5-cc_ft_1536.jpg']",3,2,1250,3500,34.00174,-118.273254,Los Angeles,128 E 46th St #1/2,CA,90011,,Apartment,,,,,,,,
https://www.zillow.com/homedetails/8955-Evergreen-Ave-5-South-Gate-CA-90280/347397055_zpid/,8955 Evergreen Ave #5 South Gate CA 90280,APARTMENT,"['https://maps.googleapis.com/maps/api/streetview?location=8955+Evergreen+Ave%2C+South+Gate%2C+CA+90280&size=192x144&key=AIzaSyARFMLB1na-BBWf7_R3-5YOQQaHqEJf6RQ&source=outdoor&&signature=18qkxGzVI5EkFZnmpQP4iOxYF-k=', 'https://maps.googleapis.com/maps/api/streetview?location=8955+Evergreen+Ave%2C+South+Gate%2C+CA+90280&size=384x288&key=AIzaSyARFMLB1na-BBWf7_R3-5YOQQaHqEJf6RQ&source=outdoor&&signature=8rkAtokkRMlWUmE0bf4c2bgVxSE=', 'https://maps.googleapis.com/maps/api/streetview?location=8955+Evergreen+Ave%2C+South+Gate%2C+CA+90280&size=576x432&key=AIzaSyARFMLB1na-BBWf7_R3-5YOQQaHqEJf6RQ&source=outdoor&&signature=nNYlfbIl4HTgcdDblFFTrLGi8gU=', 'https://maps.googleapis.com/maps/api/streetview?location=8955+Evergreen+Ave%2C+South+Gate%2C+CA+90280&size=768x576&key=AIzaSyARFMLB1na-BBWf7_R3-5YOQQaHqEJf6RQ&source=outdoor&&signature=2XAUmEPowLZduBuLcE6bWNGxJis=', 'https://maps.googleapis.com/maps/api/streetview?location=8955+Evergreen+Ave%2C+South+Gate%2C+CA+90280&size=960x720&key=AIzaSyARFMLB1na-BBWf7_R3-5YOQQaHqEJf6RQ&source=outdoor&&signature=H5vFCDWSmZIlXAsUG_JnsjMM3v8=', 'https://maps.googleapis.com/maps/api/streetview?location=8955+Evergreen+Ave%2C+South+Gate%2C+CA+90280&size=1152x864&key=AIzaSyARFMLB1na-BBWf7_R3-5YOQQaHqEJf6RQ&source=outdoor&&signature=Zwa4RNdaeDGjBeLfpRvaiMJw5Jk=', 'https://maps.googleapis.com/maps/api/streetview?location=8955+Evergreen+Ave%2C+South+Gate%2C+CA+90280&size=1344x1008&key=AIzaSyARFMLB1na-BBWf7_R3-5YOQQaHqEJf6RQ&source=outdoor&&signature=ebSqhXDkRkgKKXN3ceYfcYP0VLc=', 'https://maps.googleapis.com/maps/api/streetview?location=8955+Evergreen+Ave%2C+South+Gate%2C+CA+90280&size=1536x1152&key=AIzaSyARFMLB1na-BBWf7_R3-5YOQQaHqEJf6RQ&source=outdoor&&signature=jwokYPcqlC6BjPAklRZQPlaxdTg=']",1,1,750,1600,33.954056,-118.2182,South Gate,8955 Evergreen Ave #5,CA,90280,,Apartment,,,,,,,,
https://www.zillow.com/b/3516-lynwood-ca-BXLcK9/,3516 Martin Luther King Blvd Lynwood CA 90262,apartment,"['https://photos.zillowstatic.com/fp/9cd02571cb95b23f7b18e1527ad73309-cc_ft_384.jpg', 'https://photos.zillowstatic.com/fp/9cd02571cb95b23f7b18e1527ad73309-cc_ft_576.jpg', 'https://photos.zillowstatic.com/fp/9cd02571cb95b23f7b18e1527ad73309-cc_ft_768.jpg', 'https://photos.zillowstatic.com/fp/9cd02571cb95b23f7b18e1527ad73309-cc_ft_960.jpg', 'https://photos.zillowstatic.com/fp/9cd02571cb95b23f7b18e1527ad73309-cc_ft_1152.jpg', 'https://photos.zillowstatic.com/fp/9cd02571cb95b23f7b18e1527ad73309-cc_ft_1344.jpg', 'https://photos.zillowstatic.com/fp/9cd02571cb95b23f7b18e1527ad73309-cc_ft_1536.jpg']",,1,,1200,33.936883,-118.216229,Lynwood,3516 Martin Luther King Blvd,CA,90262,,,,,,,,,,
https://www.zillow.com/homedetails/634-E-82nd-St-634-Los-Angeles-CA-90001/2052974463_zpid/,634 E 82nd St #634 Los Angeles CA 90001,APARTMENT,"['https://photos.zillowstatic.com/fp/f5db56bec3ea6a11b60b2b0440a5df61-cc_ft_192.jpg', 'https://photos.zillowstatic.com/fp/f5db56bec3ea6a11b60b2b0440a5df61-cc_ft_384.jpg', 'https://photos.zillowstatic.com/fp/f5db56bec3ea6a11b60b2b0440a5df61-cc_ft_576.jpg', 'https://photos.zillowstatic.com/fp/f5db56bec3ea6a11b60b2b0440a5df61-cc_ft_768.jpg', 'https://photos.zillowstatic.com/fp/f5db56bec3ea6a11b60b2b0440a5df61-cc_ft_960.jpg', 'https://photos.zillowstatic.com/fp/f5db56bec3ea6a11b60b2b0440a5df61-cc_ft_1152.jpg', 'https://photos.zillowstatic.com/fp/f5db56bec3ea6a11b60b2b0440a5df61-cc_ft_1344.jpg', 'https://photos.zillowstatic.com/fp/f5db56bec3ea6a11b60b2b0440a5df61-cc_ft_1536.jpg']",0,1,,1295,33.96446,-118.26373,Los Angeles,634 E 82nd St #634,CA,90001,,Apartment,,Affordable Housing,3108701231,,Affordable Housing,,,
https://www.zillow.com/b/1652-los-angeles-ca-9TzBTv/,239 W 52nd St Los Angeles CA 90037 Southeast Los Angeles,townhome,"['https://photos.zillowstatic.com/fp/0e7db0cf624a44eed627ccc51afcf259-cc_ft_384.jpg', 'https://photos.zillowstatic.com/fp/0e7db0cf624a44eed627ccc51afcf259-cc_ft_576.jpg', 'https://photos.zillowstatic.com/fp/0e7db0cf624a44eed627ccc51afcf259-cc_ft_768.jpg', 'https://photos.zillowstatic.com/fp/0e7db0cf624a44eed627ccc51afcf259-cc_ft_960.jpg', 'https://photos.zillowstatic.com/fp/0e7db0cf624a44eed627ccc51afcf259-cc_ft_1152.jpg', 'https://photos.zillowstatic.com/fp/0e7db0cf624a44eed627ccc51afcf259-cc_ft_1344.jpg', 'https://photos.zillowstatic.com/fp/0e7db0cf624a44eed627ccc51afcf259-cc_ft_1536.jpg']",2,1,,1850,33.995825,-118.277519,Los Angeles,239 W 52nd St,CA,90037,,,,,,,,,,
https://www.zillow.com/apartments/los-angeles-ca/south-park-place-apartments/BT8Dh9/,5117-5123 S Avalon Blvd Los Angeles CA 90011 Southeast Los Angeles,apartment,"['https://photos.zillowstatic.com/fp/e788ca4752ed3fb432481dc21d3fa3e0-cc_ft_384.jpg', 'https://photos.zillowstatic.com/fp/e788ca4752ed3fb432481dc21d3fa3e0-cc_ft_576.jpg', 'https://photos.zillowstatic.com/fp/e788ca4752ed3fb432481dc21d3fa3e0-cc_ft_768.jpg', 'https://photos.zillowstatic.com/fp/e788ca4752ed3fb432481dc21d3fa3e0-cc_ft_960.jpg', 'https://photos.zillowstatic.com/fp/e788ca4752ed3fb432481dc21d3fa3e0-cc_ft_1152.jpg', 'https://photos.zillowstatic.com/fp/e788ca4752ed3fb432481dc21d3fa3e0-cc_ft_1344.jpg', 'https://photos.zillowstatic.com/fp/e788ca4752ed3fb432481dc21d3fa3e0-cc_ft_1536.jpg']",,,,,33.995511,-118.265203,Los Angeles,5117-5123 S Avalon Blvd,CA,90011,,,,,,,,,,
https://www.zillow.com/b/16c-los-angeles-ca-5h5b3Y/,923 E Colden Ave Los Angeles CA 90002 Southeast Los Angeles,apartment,"['https://photos.zillowstatic.com/fp/ab672c2e2caf0a0f30dc2128d4b024cc-cc_ft_384.jpg', 'https://photos.zillowstatic.com/fp/ab672c2e2caf0a0f30dc2128d4b024cc-cc_ft_576.jpg', 'https://photos.zillowstatic.com/fp/ab672c2e2caf0a0f30dc2128d4b024cc-cc_ft_768.jpg', 'https://photos.zillowstatic.com/fp/ab672c2e2caf0a0f30dc2128d4b024cc-cc_ft_960.jpg', 'https://photos.zillowstatic.com/fp/ab672c2e2caf0a0f30dc2128d4b024cc-cc_ft_1152.jpg', 'https://photos.zillowstatic.com/fp/ab672c2e2caf0a0f30dc2128d4b024cc-cc_ft_1344.jpg', 'https://photos.zillowstatic.com/fp/ab672c2e2caf0a0f30dc2128d4b024cc-cc_ft_1536.jpg']",2,1,,1850,33.949581,-118.257791,Los Angeles,923 E Colden Ave,CA,90002,,,,,,,,,,
https://www.zillow.com/b/7662-7674-s-main-street-llc-los-angeles-ca-9Txyjk/,7662 S Main St Los Angeles CA 90003 Southeast Los Angeles,apartment,,2,1,,2200,33.970109,-118.273612,Los Angeles,7662 S Main St,CA,90003,,,,,,,,,,
https://www.zillow.com/homedetails/22-Hattie-Jones-Pl-Brooklyn-NY-11213/30606542_zpid/,22 Hattie Jones Pl Brooklyn NY 11213,SINGLE_FAMILY,"['https://photos.zillowstatic.com/fp/5cfa03cec7d70120f6c05b4d7ce09379-cc_ft_192.jpg', 'https://photos.zillowstatic.com/fp/5cfa03cec7d70120f6c05b4d7ce09379-cc_ft_384.jpg', 'https://photos.zillowstatic.com/fp/5cfa03cec7d70120f6c05b4d7ce09379-cc_ft_576.jpg', 'https://photos.zillowstatic.com/fp/5cfa03cec7d70120f6c05b4d7ce09379-cc_ft_768.jpg', 'https://photos.zillowstatic.com/fp/5cfa03cec7d70120f6c05b4d7ce09379-cc_ft_960.jpg', 'https://photos.zillowstatic.com/fp/5cfa03cec7d70120f6c05b4d7ce09379-cc_ft_1152.jpg', 'https://photos.zillowstatic.com/fp/5cfa03cec7d70120f6c05b4d7ce09379-cc_ft_1344.jpg', 'https://photos.zillowstatic.com/fp/5cfa03cec7d70120f6c05b4d7ce09379-cc_ft_1536.jpg']",4,2,1452,950000,40.678406,-73.9351,Brooklyn,22 Hattie Jones Pl,NY,11213,1985,Single Family,,Matthew Scott - Licensed Associate Real Estate Broker,6154307696,,SERHANT.,,,
https://www.zillow.com/homedetails/1155-Bedford-Ave-4R-Brooklyn-NY-11216/349588125_zpid/,1155 Bedford Ave #4R Brooklyn NY 11216,CONDO,"['https://photos.zillowstatic.com/fp/21976a227bd0bc509a7334b6c30008a3-cc_ft_192.jpg', 'https://photos.zillowstatic.com/fp/21976a227bd0bc509a7334b6c30008a3-cc_ft_384.jpg', 'https://photos.zillowstatic.com/fp/21976a227bd0bc509a7334b6c30008a3-cc_ft_576.jpg', 'https://photos.zillowstatic.com/fp/21976a227bd0bc509a7334b6c30008a3-cc_ft_768.jpg', 'https://photos.zillowstatic.com/fp/21976a227bd0bc509a7334b6c30008a3-cc_ft_960.jpg', 'https://photos.zillowstatic.com/fp/21976a227bd0bc509a7334b6c30008a3-cc_ft_1152.jpg', 'https://photos.zillowstatic.com/fp/21976a227bd0bc509a7334b6c30008a3-cc_ft_1344.jpg', 'https://photos.zillowstatic.com/fp/21976a227bd0bc509a7334b6c30008a3-cc_ft_1536.jpg']",2,2,932,1185000,40.683994,-73.95381,Brooklyn,1155 Bedford Ave #4R,NY,11216,1910,Condo,,Nick Hovsepian - Licensed Real Estate Salesperson,3107488668,,Corcoran,,,
https://www.zillow.com/homedetails/1240-Bedford-Ave-APT-1F-Brooklyn-NY-11216/63266189_zpid/,1240 Bedford Ave APT 1F Brooklyn NY 11216,CONDO,"['https://photos.zillowstatic.com/fp/ca865777f45378ef52f5c6aef513acbe-cc_ft_192.jpg', 'https://photos.zillowstatic.com/fp/ca865777f45378ef52f5c6aef513acbe-cc_ft_384.jpg', 'https://photos.zillowstatic.com/fp/ca865777f45378ef52f5c6aef513acbe-cc_ft_576.jpg', 'https://photos.zillowstatic.com/fp/ca865777f45378ef52f5c6aef513acbe-cc_ft_768.jpg', 'https://photos.zillowstatic.com/fp/ca865777f45378ef52f5c6aef513acbe-cc_ft_960.jpg', 'https://photos.zillowstatic.com/fp/ca865777f45378ef52f5c6aef513acbe-cc_ft_1152.jpg', 'https://photos.zillowstatic.com/fp/ca865777f45378ef52f5c6aef513acbe-cc_ft_1344.jpg', 'https://photos.zillowstatic.com/fp/ca865777f45378ef52f5c6aef513acbe-cc_ft_1536.jpg']",2,1,0,790000,40.6814,-73.9538,Brooklyn,1240 Bedford Ave APT 1F,NY,11216,2003,Condo,,Catherine A Zito - Licensed Associate Real Estate Broker,7186132770,,Brown Harris Stevens,,,
https://www.zillow.com/homedetails/935-Prospect-Pl-Brooklyn-NY-11213/30591809_zpid/,935 Prospect Pl Brooklyn NY 11213,SINGLE_FAMILY,"['https://photos.zillowstatic.com/fp/4c92646ef77fd73340552393a5d369f2-cc_ft_192.jpg', 'https://photos.zillowstatic.com/fp/4c92646ef77fd73340552393a5d369f2-cc_ft_384.jpg', 'https://photos.zillowstatic.com/fp/4c92646ef77fd73340552393a5d369f2-cc_ft_576.jpg', 'https://photos.zillowstatic.com/fp/4c92646ef77fd73340552393a5d369f2-cc_ft_768.jpg', 'https://photos.zillowstatic.com/fp/4c92646ef77fd73340552393a5d369f2-cc_ft_960.jpg', 'https://photos.zillowstatic.com/fp/4c92646ef77fd73340552393a5d369f2-cc_ft_1152.jpg', 'https://photos.zillowstatic.com/fp/4c92646ef77fd73340552393a5d369f2-cc_ft_1344.jpg', 'https://photos.zillowstatic.com/fp/4c92646ef77fd73340552393a5d369f2-cc_ft_1536.jpg']",5,3,1728,1200000,40.67428,-73.94551,Brooklyn,935 Prospect Pl,NY,11213,1930,Single Family,,James Donald - Licensed Real Estate Salesperson,3474957396,,EXP Realty,,,
https://www.zillow.com/homedetails/566-Prospect-Pl-APT-3C-Brooklyn-NY-11238/122556242_zpid/,566 Prospect Pl APT 3C Brooklyn NY 11238,CONDO,"['https://photos.zillowstatic.com/fp/3a024cf9551bbe25d483400d9403b245-cc_ft_192.jpg', 'https://photos.zillowstatic.com/fp/3a024cf9551bbe25d483400d9403b245-cc_ft_384.jpg', 'https://photos.zillowstatic.com/fp/3a024cf9551bbe25d483400d9403b245-cc_ft_576.jpg', 'https://photos.zillowstatic.com/fp/3a024cf9551bbe25d483400d9403b245-cc_ft_768.jpg', 'https://photos.zillowstatic.com/fp/3a024cf9551bbe25d483400d9403b245-cc_ft_960.jpg', 'https://photos.zillowstatic.com/fp/3a024cf9551bbe25d483400d9403b245-cc_ft_1152.jpg', 'https://photos.zillowstatic.com/fp/3a024cf9551bbe25d483400d9403b245-cc_ft_1344.jpg', 'https://photos.zillowstatic.com/fp/3a024cf9551bbe25d483400d9403b245-cc_ft_1536.jpg']",1,1,0,450000,40.675087,-73.95794,Brooklyn,566 Prospect Pl APT 3C,NY,11238,1931,Condo,,Jana Welch - Licensed Real Estate Salesperson,9173464878,,Compass,,,
https://www.zillow.com/homedetails/474-Hancock-St-DEV-Brooklyn-NY-11233/344406526_zpid/,474 Hancock St #DEV Brooklyn NY 11233,TOWNHOUSE,"['https://photos.zillowstatic.com/fp/b37a280a5abaa7a21c48e1a84991cb55-cc_ft_192.jpg', 'https://photos.zillowstatic.com/fp/b37a280a5abaa7a21c48e1a84991cb55-cc_ft_384.jpg', 'https://photos.zillowstatic.com/fp/b37a280a5abaa7a21c48e1a84991cb55-cc_ft_576.jpg', 'https://photos.zillowstatic.com/fp/b37a280a5abaa7a21c48e1a84991cb55-cc_ft_768.jpg', 'https://photos.zillowstatic.com/fp/b37a280a5abaa7a21c48e1a84991cb55-cc_ft_960.jpg', 'https://photos.zillowstatic.com/fp/b37a280a5abaa7a21c48e1a84991cb55-cc_ft_1152.jpg', 'https://photos.zillowstatic.com/fp/b37a280a5abaa7a21c48e1a84991cb55-cc_ft_1344.jpg', 'https://photos.zillowstatic.com/fp/b37a280a5abaa7a21c48e1a84991cb55-cc_ft_1536.jpg']",3,2,4000,850000,40.683887,-73.93627,Brooklyn,474 Hancock St #DEV,NY,11233,1901,Townhouse,,,,,,,,
https://www.zillow.com/homedetails/775-Lafayette-Ave-APT-4A-Brooklyn-NY-11221/2057809051_zpid/,775 Lafayette Ave APT 4A Brooklyn NY 11221,CONDO,"['https://photos.zillowstatic.com/fp/7dd03ced3e6e1feb833f133d652a3054-cc_ft_192.jpg', 'https://photos.zillowstatic.com/fp/7dd03ced3e6e1feb833f133d652a3054-cc_ft_384.jpg', 'https://photos.zillowstatic.com/fp/7dd03ced3e6e1feb833f133d652a3054-cc_ft_576.jpg', 'https://photos.zillowstatic.com/fp/7dd03ced3e6e1feb833f133d652a3054-cc_ft_768.jpg', 'https://photos.zillowstatic.com/fp/7dd03ced3e6e1feb833f133d652a3054-cc_ft_960.jpg', 'https://photos.zillowstatic.com/fp/7dd03ced3e6e1feb833f133d652a3054-cc_ft_1152.jpg', 'https://photos.zillowstatic.com/fp/7dd03ced3e6e1feb833f133d652a3054-cc_ft_1344.jpg', 'https://photos.zillowstatic.com/fp/7dd03ced3e6e1feb833f133d652a3054-cc_ft_1536.jpg']",1,1,667,365000,40.691353,-73.94185,Brooklyn,775 Lafayette Ave APT 4A,NY,11221,2008,Condo,,Victor Banks - Licensed Associate Real Estate Broker,9177426713,,Century 21 Milestone Realty,,,
https://www.zillow.com/homedetails/910-Park-Pl-APT-4A-Brooklyn-NY-11216/30592207_zpid/,910 Park Pl APT 4A Brooklyn NY 11216,CONDO,"['https://photos.zillowstatic.com/fp/2bd79e824724da364cd73d45bc23c3e4-cc_ft_192.jpg', 'https://photos.zillowstatic.com/fp/2bd79e824724da364cd73d45bc23c3e4-cc_ft_384.jpg', 'https://photos.zillowstatic.com/fp/2bd79e824724da364cd73d45bc23c3e4-cc_ft_576.jpg', 'https://photos.zillowstatic.com/fp/2bd79e824724da364cd73d45bc23c3e4-cc_ft_768.jpg', 'https://photos.zillowstatic.com/fp/2bd79e824724da364cd73d45bc23c3e4-cc_ft_960.jpg', 'https://photos.zillowstatic.com/fp/2bd79e824724da364cd73d45bc23c3e4-cc_ft_1152.jpg', 'https://photos.zillowstatic.com/fp/2bd79e824724da364cd73d45bc23c3e4-cc_ft_1344.jpg', 'https://photos.zillowstatic.com/fp/2bd79e824724da364cd73d45bc23c3e4-cc_ft_1536.jpg']",1,1,680,525000,40.673122,-73.94771,Brooklyn,910 Park Pl APT 4A,NY,11216,1910,Condo,,Michael Zats - Licensed Associate Real Estate Broker,9176791516,,Brooklyn Heights Real Estate,,,
https://www.zillow.com/homedetails/658-Park-Pl-APT-3R-Brooklyn-NY-11216/348808816_zpid/,658 Park Pl APT 3R Brooklyn NY 11216,CONDO,"['https://photos.zillowstatic.com/fp/772ccb72f028e218e80f1d5af74ad55c-cc_ft_192.jpg', 'https://photos.zillowstatic.com/fp/772ccb72f028e218e80f1d5af74ad55c-cc_ft_384.jpg', 'https://photos.zillowstatic.com/fp/772ccb72f028e218e80f1d5af74ad55c-cc_ft_576.jpg', 'https://photos.zillowstatic.com/fp/772ccb72f028e218e80f1d5af74ad55c-cc_ft_768.jpg', 'https://photos.zillowstatic.com/fp/772ccb72f028e218e80f1d5af74ad55c-cc_ft_960.jpg', 'https://photos.zillowstatic.com/fp/772ccb72f028e218e80f1d5af74ad55c-cc_ft_1152.jpg', 'https://photos.zillowstatic.com/fp/772ccb72f028e218e80f1d5af74ad55c-cc_ft_1344.jpg', 'https://photos.zillowstatic.com/fp/772ccb72f028e218e80f1d5af74ad55c-cc_ft_1536.jpg']",3,2,1186,1250000,40.673775,-73.95617,Brooklyn,658 Park Pl APT 3R,NY,11216,1931,Condo,,Jonah Ramu Cohen - Licensed Associate Real Estate Broker,4134296781,,Corcoran,,,
https://www.zillow.com/homedetails/1607-Pacific-St-3B-Brooklyn-NY-11213/349656306_zpid/,1607 Pacific St #3B Brooklyn NY 11213,CONDO,"['https://photos.zillowstatic.com/fp/c17c09540242e84a61cdc87a580f63dc-cc_ft_192.jpg', 'https://photos.zillowstatic.com/fp/c17c09540242e84a61cdc87a580f63dc-cc_ft_384.jpg', 'https://photos.zillowstatic.com/fp/c17c09540242e84a61cdc87a580f63dc-cc_ft_576.jpg', 'https://photos.zillowstatic.com/fp/c17c09540242e84a61cdc87a580f63dc-cc_ft_768.jpg', 'https://photos.zillowstatic.com/fp/c17c09540242e84a61cdc87a580f63dc-cc_ft_960.jpg', 'https://photos.zillowstatic.com/fp/c17c09540242e84a61cdc87a580f63dc-cc_ft_1152.jpg', 'https://photos.zillowstatic.com/fp/c17c09540242e84a61cdc87a580f63dc-cc_ft_1344.jpg', 'https://photos.zillowstatic.com/fp/c17c09540242e84a61cdc87a580f63dc-cc_ft_1536.jpg']",1,1,637,599000,40.677204,-73.93742,Brooklyn,1607 Pacific St #3B,NY,11213,2023,Condo,,Alexandra Newman - Licensed Real Estate Salesperson,6466530234,,SERHANT.,,,
https://www.zillow.com/homedetails/803-Eastern-Pkwy-Brooklyn-NY-11213/30593282_zpid/,803 Eastern Parkway Brooklyn NY 11213,SINGLE_FAMILY,"['https://photos.zillowstatic.com/fp/bbd6040dc41bd9a23a48f87d101d2260-cc_ft_192.jpg', 'https://photos.zillowstatic.com/fp/bbd6040dc41bd9a23a48f87d101d2260-cc_ft_384.jpg', 'https://photos.zillowstatic.com/fp/bbd6040dc41bd9a23a48f87d101d2260-cc_ft_576.jpg', 'https://photos.zillowstatic.com/fp/bbd6040dc41bd9a23a48f87d101d2260-cc_ft_768.jpg', 'https://photos.zillowstatic.com/fp/bbd6040dc41bd9a23a48f87d101d2260-cc_ft_960.jpg', 'https://photos.zillowstatic.com/fp/bbd6040dc41bd9a23a48f87d101d2260-cc_ft_1152.jpg', 'https://photos.zillowstatic.com/fp/bbd6040dc41bd9a23a48f87d101d2260-cc_ft_1344.jpg', 'https://photos.zillowstatic.com/fp/bbd6040dc41bd9a23a48f87d101d2260-cc_ft_1536.jpg']",4,1,,639000,40.669815,-73.94155,Brooklyn,803 Eastern Parkway,NY,11213,1905,Single Family,"2,412 sqft",Cheryl Rosenthal,5163123223,,Realty Trends Corp,3550391,,
https://www.zillow.com/homedetails/123A-Halsey-St-Brooklyn-NY-11216/30610430_zpid/,123A Halsey St Brooklyn NY 11216,TOWNHOUSE,"['https://photos.zillowstatic.com/fp/29a24ec7c9afdb932ddd01ec3cf9440e-cc_ft_192.jpg', 'https://photos.zillowstatic.com/fp/29a24ec7c9afdb932ddd01ec3cf9440e-cc_ft_384.jpg', 'https://photos.zillowstatic.com/fp/29a24ec7c9afdb932ddd01ec3cf9440e-cc_ft_576.jpg', 'https://photos.zillowstatic.com/fp/29a24ec7c9afdb932ddd01ec3cf9440e-cc_ft_768.jpg', 'https://photos.zillowstatic.com/fp/29a24ec7c9afdb932ddd01ec3cf9440e-cc_ft_960.jpg', 'https://photos.zillowstatic.com/fp/29a24ec7c9afdb932ddd01ec3cf9440e-cc_ft_1152.jpg', 'https://photos.zillowstatic.com/fp/29a24ec7c9afdb932ddd01ec3cf9440e-cc_ft_1344.jpg', 'https://photos.zillowstatic.com/fp/29a24ec7c9afdb932ddd01ec3cf9440e-cc_ft_1536.jpg']",6,4,4040,2650000,40.682137,-73.9487,Brooklyn,123A Halsey St,NY,11216,1899,Townhouse,,Andrew Appell - Licensed Real Estate Salesperson,9179684394,,SERHANT.,,,
https://www.zillow.com/homedetails/104-Madison-St-Brooklyn-NY-11216/30614202_zpid/,104 Madison St Brooklyn NY 11216,SINGLE_FAMILY,"['https://photos.zillowstatic.com/fp/15671bb453acd0b74eb7475030938d1b-cc_ft_192.jpg', 'https://photos.zillowstatic.com/fp/15671bb453acd0b74eb7475030938d1b-cc_ft_384.jpg', 'https://photos.zillowstatic.com/fp/15671bb453acd0b74eb7475030938d1b-cc_ft_576.jpg', 'https://photos.zillowstatic.com/fp/15671bb453acd0b74eb7475030938d1b-cc_ft_768.jpg', 'https://photos.zillowstatic.com/fp/15671bb453acd0b74eb7475030938d1b-cc_ft_960.jpg', 'https://photos.zillowstatic.com/fp/15671bb453acd0b74eb7475030938d1b-cc_ft_1152.jpg', 'https://photos.zillowstatic.com/fp/15671bb453acd0b74eb7475030938d1b-cc_ft_1344.jpg', 'https://photos.zillowstatic.com/fp/15671bb453acd0b74eb7475030938d1b-cc_ft_1536.jpg']",3,4,2800,3250000,40.683975,-73.95502,Brooklyn,104 Madison St,NY,11216,1905,Single Family,,Nicholas Lounsbury - Licensed Real Estate Salesperson,9783947602,,OFFICIAL,,,
https://www.zillow.com/homedetails/381-Greene-Ave-UNIT-1-Brooklyn-NY-11216/348466624_zpid/,381 Greene Avenue UNIT 1 Brooklyn NY 11216,TOWNHOUSE,"['https://photos.zillowstatic.com/fp/41f9ac411861d37c1b3e87ec48338b9d-cc_ft_192.jpg', 'https://photos.zillowstatic.com/fp/41f9ac411861d37c1b3e87ec48338b9d-cc_ft_384.jpg', 'https://photos.zillowstatic.com/fp/41f9ac411861d37c1b3e87ec48338b9d-cc_ft_576.jpg', 'https://photos.zillowstatic.com/fp/41f9ac411861d37c1b3e87ec48338b9d-cc_ft_768.jpg', 'https://photos.zillowstatic.com/fp/41f9ac411861d37c1b3e87ec48338b9d-cc_ft_960.jpg', 'https://photos.zillowstatic.com/fp/41f9ac411861d37c1b3e87ec48338b9d-cc_ft_1152.jpg', 'https://photos.zillowstatic.com/fp/41f9ac411861d37c1b3e87ec48338b9d-cc_ft_1344.jpg', 'https://photos.zillowstatic.com/fp/41f9ac411861d37c1b3e87ec48338b9d-cc_ft_1536.jpg']",6,4,3600,2200000,40.68811,-73.95575,Brooklyn,381 Greene Avenue UNIT 1,NY,11216,1899,Townhouse,"2,160 sqft",Elvis Gonzalez,3472832028,,Fave Realty Inc,3546777,,
https://www.zillow.com/homedetails/767-Eastern-Pkwy-APT-4B-Brooklyn-NY-11213/245022011_zpid/,767 Eastern Pkwy APT 4B Brooklyn NY 11213,CONDO,"['https://photos.zillowstatic.com/fp/fef27a43cf14757b74ea7c6a4776b5e6-cc_ft_192.jpg', 'https://photos.zillowstatic.com/fp/fef27a43cf14757b74ea7c6a4776b5e6-cc_ft_384.jpg', 'https://photos.zillowstatic.com/fp/fef27a43cf14757b74ea7c6a4776b5e6-cc_ft_576.jpg', 'https://photos.zillowstatic.com/fp/fef27a43cf14757b74ea7c6a4776b5e6-cc_ft_768.jpg', 'https://photos.zillowstatic.com/fp/fef27a43cf14757b74ea7c6a4776b5e6-cc_ft_960.jpg', 'https://photos.zillowstatic.com/fp/fef27a43cf14757b74ea7c6a4776b5e6-cc_ft_1152.jpg', 'https://photos.zillowstatic.com/fp/fef27a43cf14757b74ea7c6a4776b5e6-cc_ft_1344.jpg', 'https://photos.zillowstatic.com/fp/fef27a43cf14757b74ea7c6a4776b5e6-cc_ft_1536.jpg']",1,1,0,300000,40.669903,-73.942894,Brooklyn,767 Eastern Pkwy APT 4B,NY,11213,1905,Condo,,Norma Maupins - Licensed Real Estate Salesperson,3478816279,,Keller Williams NYC,,,
https://www.zillow.com/homedetails/775-Lafayette-Ave-APT-11D-Brooklyn-NY-11221/2056518385_zpid/,775 Lafayette Ave APT 11D Brooklyn NY 11221,CONDO,"['https://photos.zillowstatic.com/fp/53bccfc9db56a0e2cd217a6d6a8effd3-cc_ft_192.jpg', 'https://photos.zillowstatic.com/fp/53bccfc9db56a0e2cd217a6d6a8effd3-cc_ft_384.jpg', 'https://photos.zillowstatic.com/fp/53bccfc9db56a0e2cd217a6d6a8effd3-cc_ft_576.jpg', 'https://photos.zillowstatic.com/fp/53bccfc9db56a0e2cd217a6d6a8effd3-cc_ft_768.jpg', 'https://photos.zillowstatic.com/fp/53bccfc9db56a0e2cd217a6d6a8effd3-cc_ft_960.jpg', 'https://photos.zillowstatic.com/fp/53bccfc9db56a0e2cd217a6d6a8effd3-cc_ft_1152.jpg', 'https://photos.zillowstatic.com/fp/53bccfc9db56a0e2cd217a6d6a8effd3-cc_ft_1344.jpg', 'https://photos.zillowstatic.com/fp/53bccfc9db56a0e2cd217a6d6a8effd3-cc_ft_1536.jpg']",3,2,0,699000,40.691353,-73.94185,Brooklyn,775 Lafayette Ave APT 11D,NY,11221,2008,Condo,,Federico Pina - Licensed Real Estate Salesperson,9176843389,,R New York,,,
https://www.zillow.com/homedetails/399-Madison-St-Brooklyn-NY-11221/2081782246_zpid/,399 Madison Street Brooklyn NY 11221,TOWNHOUSE,"['https://photos.zillowstatic.com/fp/5c8fd29a66fce32bb1503a25791ff681-cc_ft_192.jpg', 'https://photos.zillowstatic.com/fp/5c8fd29a66fce32bb1503a25791ff681-cc_ft_384.jpg', 'https://photos.zillowstatic.com/fp/5c8fd29a66fce32bb1503a25791ff681-cc_ft_576.jpg', 'https://photos.zillowstatic.com/fp/5c8fd29a66fce32bb1503a25791ff681-cc_ft_768.jpg', 'https://photos.zillowstatic.com/fp/5c8fd29a66fce32bb1503a25791ff681-cc_ft_960.jpg', 'https://photos.zillowstatic.com/fp/5c8fd29a66fce32bb1503a25791ff681-cc_ft_1152.jpg', 'https://photos.zillowstatic.com/fp/5c8fd29a66fce32bb1503a25791ff681-cc_ft_1344.jpg', 'https://photos.zillowstatic.com/fp/5c8fd29a66fce32bb1503a25791ff681-cc_ft_1536.jpg']",7,8,3900,2890000,40.685894,-73.9424,Brooklyn,399 Madison Street,NY,11221,1910,Townhouse,"2,000 sqft",Temra K Taylor,5168514861,,Charles Rutenberg Realty Inc,3547316,,
